fecha;hospital;provincia;camas_iniciales_planta;camas_habilitadas_planta;camas_ocupadas_planta;camas_iniciales_uci;camas_habilitadas_uci;camas_ocupadas_uci;codigo_ine
2020-04-07;Hospital Santos Reyes;Burgos;90;76;60;0;0;0;9059
2020-04-07;Complejo Asistencial Universitario de León;León;752;818;462;28;59;46;24089
2020-04-07;Complejo Asistencial de Soria;Soria;164;274;191;10;24;21;42173
2020-04-08;Complejo Asistencial Universitario de Palencia;Palencia;372;517;296;15;32;21;34120
2020-04-08;Hospital Universitario Río Hortega;Valladolid;470;634;335;19;61;52;47186
2020-04-08;Complejo Asistencial de Zamora;Zamora;362;552;324;11;30;15;49275
2020-04-09;Complejo Asistencial de Ávila;Ávila;336;374;286;8;22;13;5019
2020-04-09;Hospital Santos Reyes;Burgos;94;135;43;0;0;0;9059
2020-04-09;Complejo Asistencial Universitario de Palencia;Palencia;372;517;298;15;32;22;34120
2020-04-09;Complejo Asistencial Universitario de Salamanca;Salamanca;651;719;541;38;82;55;37274
2020-04-09;Complejo Asistencial de Segovia;Segovia;263;421;250;10;31;21;40004
2020-04-09;Complejo Asistencial de Soria;Soria;164;264;189;10;27;20;42173
2020-04-09;Hospital Universitario Río Hortega;Valladolid;470;634;337;19;61;52;47186
2020-04-10;Complejo Asistencial de Ávila;Ávila;336;373;283;8;22;15;5019
2020-04-10;Hospital Santiago Apóstol;Burgos;90;73;58;0;0;0;9059
2020-04-10;Complejo Asistencial Universitario de León;León;752;817;424;28;59;45;24089
2020-04-10;Hospital El Bierzo;León;329;389;144;9;18;11;24089
2020-04-10;Complejo Asistencial Universitario de Palencia;Palencia;372;517;298;15;32;22;34120
2020-04-10;Complejo Asistencial de Segovia;Segovia;263;421;243;10;31;21;40004
2020-04-10;Complejo Asistencial de Soria;Soria;164;268;184;10;27;20;42173
2020-04-10;Hospital Universitario Río Hortega;Valladolid;470;634;306;19;61;51;47186
2020-04-10;Complejo Asistencial de Zamora;Zamora;362;478;269;11;30;16;49275
2020-04-11;Complejo Asistencial Universitario de Burgos;Burgos;580;685;171;24;76;60;9059
2020-04-11;Hospital Santos Reyes;Burgos;94;135;24;0;0;0;9059
2020-04-11;Hospital El Bierzo;León;329;388;99;9;18;11;24089
2020-04-11;Hospital Universitario Río Hortega;Valladolid;470;589;153;19;61;45;47186
2020-04-12;Complejo Asistencial de Ávila;Ávila;336;368;239;8;22;12;5019
2020-04-12;Hospital Santiago Apóstol;Burgos;90;75;46;0;0;0;9059
2020-04-12;Hospital Santos Reyes;Burgos;94;135;32;0;0;0;9059
2020-04-12;Complejo Asistencial Universitario de León;León;752;817;429;28;59;41;24089
2020-04-12;Complejo Asistencial Universitario de Salamanca;Salamanca;651;699;537;38;82;49;37274
2020-04-12;Complejo Asistencial de Segovia;Segovia;263;421;235;10;29;21;40004
2020-04-12;Complejo Asistencial de Soria;Soria;164;276;178;10;27;20;42173
2020-04-12;Hospital Universitario Río Hortega;Valladolid;470;590;289;19;61;45;47186
2020-04-13;Complejo Asistencial de Ávila;Ávila;336;370;271;8;22;14;5019
2020-04-13;Complejo Asistencial de Soria;Soria;164;274;180;10;27;20;42173
2020-04-13;Hospital Universitario Río Hortega;Valladolid;470;502;295;19;61;44;47186
2020-04-13;Complejo Asistencial de Zamora;Zamora;362;398;245;11;30;15;49275
2020-04-13;Hospital habilitado Feria de Muestras Valladolid;Valladolid;0;43;15;0;0;0;47186
2020-04-14;Complejo Asistencial de Ávila;Ávila;336;373;272;8;22;15;5019
2020-04-14;Complejo Asistencial Universitario de Burgos;Burgos;580;685;344;24;76;52;9059
2020-04-14;Hospital Santiago Apóstol;Burgos;90;72;49;0;0;0;9059
2020-04-14;Complejo Asistencial de Segovia;Segovia;263;421;218;10;29;21;40004
2020-04-14;Complejo Asistencial de Zamora;Zamora;362;398;222;11;30;13;49275
2020-04-15;Complejo Asistencial de Ávila;Ávila;336;378;267;8;22;13;5019
2020-04-15;Complejo Asistencial Universitario de Burgos;Burgos;580;685;341;24;76;53;9059
2020-04-15;Complejo Asistencial Universitario de León;León;752;817;470;28;59;41;24089
2020-04-15;Complejo Asistencial Universitario de Salamanca;Salamanca;651;699;483;38;82;50;37274
2020-04-15;Complejo Asistencial de Zamora;Zamora;362;398;224;11;30;13;49275
2020-04-16;Complejo Asistencial Universitario de Burgos;Burgos;580;685;357;24;76;52;9059
2020-04-16;Hospital Clínico Universitario de Valladolid;Valladolid;538;552;405;44;80;55;47186
2020-04-16;Hospital de Medina del Campo;Valladolid;95;119;51;0;12;1;47186
2020-04-16;Hospital habilitado Feria de Muestras Valladolid;Valladolid;0;43;12;0;0;0;47186
2020-04-17;Hospital Santiago Apóstol;Burgos;90;74;51;0;0;0;9059
2020-04-17;Hospital El Bierzo;León;329;382;166;9;18;8;24089
2020-04-17;Complejo Asistencial Universitario de Salamanca;Salamanca;651;641;475;38;82;53;37274
2020-04-17;Complejo Asistencial de Soria;Soria;164;274;167;10;27;17;42173
2020-04-17;Hospital Clínico Universitario de Valladolid;Valladolid;538;517;356;44;80;54;47186
2020-04-17;Complejo Asistencial de Zamora;Zamora;362;398;228;11;30;12;49275
2020-04-18;Complejo Asistencial de Ávila;Ávila;336;389;247;8;22;10;5019
2020-04-18;Complejo Asistencial Universitario de León;León;752;817;390;28;59;36;24089
2020-04-18;Hospital El Bierzo;León;329;380;145;9;18;9;24089
2020-04-18;Complejo Asistencial Universitario de Salamanca;Salamanca;651;623;471;38;75;49;37274
2020-04-18;Hospital de Medina del Campo;Valladolid;95;119;47;0;12;1;47186
2020-04-19;Complejo Asistencial Universitario de Burgos;Burgos;580;685;343;24;76;49;9059
2020-04-19;Hospital Santiago Apóstol;Burgos;90;65;51;0;0;0;9059
2020-04-19;Hospital Santos Reyes;Burgos;94;122;27;0;0;0;9059
2020-04-19;Hospital El Bierzo;León;329;381;151;9;18;10;24089
2020-04-19;Complejo Asistencial de Soria;Soria;164;267;157;10;27;16;42173
2020-04-19;Hospital de Medina del Campo;Valladolid;95;119;51;0;12;1;47186
2020-04-19;Hospital Universitario Río Hortega;Valladolid;470;518;231;19;61;44;47186
2020-04-20;Hospital El Bierzo;León;329;381;171;9;18;10;24089
2020-04-21;Complejo Asistencial de Ávila;Ávila;336;379;254;8;22;11;5019
2020-04-21;Complejo Asistencial Universitario de León;León;752;817;356;28;59;33;24089
2020-04-21;Complejo Asistencial Universitario de Palencia;Palencia;372;385;276;15;31;23;34120
2020-04-21;Complejo Asistencial de Segovia;Segovia;263;326;179;10;25;15;40004
2020-04-22;Complejo Asistencial Universitario de Burgos;Burgos;580;685;354;24;76;44;9059
2020-04-23;Hospital El Bierzo;León;329;379;163;9;18;11;24089
2020-04-23;Hospital de Medina del Campo;Valladolid;95;119;53;0;12;0;47186
2020-04-24;Complejo Asistencial Universitario de Salamanca;Salamanca;651;649;465;38;65;39;37274
2020-04-24;Hospital Universitario Río Hortega;Valladolid;470;516;254;19;45;40;47186
2020-04-25;Complejo Asistencial Universitario de Salamanca;Salamanca;651;582;451;38;65;41;37274
2020-04-25;Complejo Asistencial de Zamora;Zamora;362;398;262;11;30;12;49275
2020-04-26;Complejo Asistencial de Ávila;Ávila;336;358;202;8;22;8;5019
2020-04-26;Hospital Santos Reyes;Burgos;94;122;31;0;0;0;9059
2020-04-26;Complejo Asistencial Universitario de León;León;752;817;387;28;59;27;24089
2020-04-27;Hospital Clínico Universitario de Valladolid;Valladolid;538;463;300;44;74;37;47186
2020-04-27;Hospital habilitado Feria de Muestras Valladolid;Valladolid;0;0;0;0;0;0;47186
2020-04-28;Complejo Asistencial Universitario de Palencia;Palencia;372;383;285;15;31;20;34120
2020-04-28;Complejo Asistencial de Zamora;Zamora;362;398;245;11;30;12;49275
2020-04-29;Complejo Asistencial Universitario de Burgos;Burgos;580;685;350;24;76;33;9059
2020-04-29;Hospital El Bierzo;León;329;370;167;9;18;9;24089
2020-04-29;Complejo Asistencial Universitario de Salamanca;Salamanca;651;603;440;38;65;42;37274
2020-04-29;Complejo Asistencial de Soria;Soria;164;247;162;10;22;14;42173
2020-04-29;Hospital habilitado Feria de Muestras Valladolid;Valladolid;0;0;0;0;0;0;47186
2020-04-30;Hospital El Bierzo;León;329;372;161;9;18;9;24089
2020-04-30;Complejo Asistencial de Segovia;Segovia;263;310;189;10;17;8;40004
2020-05-01;Hospital Santiago Apóstol;Burgos;90;67;46;0;0;0;9059
2020-05-01;Hospital Universitario Río Hortega;Valladolid;470;513;236;19;45;33;47186
2020-05-02;Complejo Asistencial Universitario de Burgos;Burgos;580;685;332;24;78;32;9059
2020-05-02;Hospital Santos Reyes;Burgos;94;97;41;0;0;0;9059
2020-05-02;Hospital Universitario Río Hortega;Valladolid;470;515;236;19;45;33;47186
2020-05-03;Complejo Asistencial Universitario de Palencia;Palencia;372;379;220;15;31;17;34120
2020-05-03;Hospital Universitario Río Hortega;Valladolid;470;515;263;19;42;32;47186
2020-05-04;Complejo Asistencial Universitario de León;León;752;817;417;28;59;26;24089
2020-05-04;Hospital El Bierzo;León;329;336;164;9;18;6;24089
2020-05-04;Complejo Asistencial Universitario de Salamanca;Salamanca;651;565;419;38;65;37;37274
2020-05-04;Hospital habilitado Feria de Muestras Valladolid;Valladolid;0;0;0;0;0;0;47186
2020-05-05;Complejo Asistencial Universitario de Burgos;Burgos;580;685;351;24;78;33;9059
2020-05-05;Complejo Asistencial Universitario de Palencia;Palencia;372;381;257;15;31;17;34120
2020-05-05;Hospital Clínico Universitario de Valladolid;Valladolid;538;469;308;44;76;24;47186
2020-05-05;Complejo Asistencial de Zamora;Zamora;362;351;277;11;30;13;49275
2020-05-06;Hospital Universitario Río Hortega;Valladolid;470;511;264;19;44;29;47186
2020-05-06;Complejo Asistencial de Zamora;Zamora;362;351;268;11;30;11;49275
2020-05-07;Hospital El Bierzo;León;329;265;166;9;18;5;24089
2020-05-08;Complejo Asistencial Universitario de Burgos;Burgos;580;605;317;24;37;31;9059
2020-05-08;Hospital Santiago Apóstol;Burgos;90;85;58;0;0;0;9059
2020-05-08;Complejo Asistencial Universitario de León;León;752;817;411;28;59;23;24089
2020-05-08;Hospital El Bierzo;León;329;272;162;9;18;6;24089
2020-05-08;Complejo Asistencial Universitario de Palencia;Palencia;372;381;235;15;26;18;34120
2020-05-09;Hospital Universitario Río Hortega;Valladolid;470;448;252;19;46;22;47186
2020-05-10;Complejo Asistencial de Ávila;Ávila;336;344;184;8;19;7;5019
2020-05-10;Hospital El Bierzo;León;329;299;154;9;18;8;24089
2020-05-10;Complejo Asistencial Universitario de Salamanca;Salamanca;651;528;407;38;58;36;37274
2020-05-10;Hospital de Medina del Campo;Valladolid;95;95;59;0;0;0;47186
2020-05-11;Hospital Santos Reyes;Burgos;94;97;39;0;0;0;9059
2020-05-11;Complejo Asistencial de Segovia;Segovia;263;294;196;10;22;8;40004
2020-05-11;Complejo Asistencial de Soria;Soria;164;256;141;10;22;9;42173
2020-05-11;Hospital Clínico Universitario de Valladolid;Valladolid;538;490;278;44;72;32;47186
2020-05-11;Hospital de Medina del Campo;Valladolid;95;95;64;0;0;0;47186
2020-05-11;Complejo Asistencial de Zamora;Zamora;362;371;259;11;30;11;49275
2020-05-11;Hospital habilitado Feria de Muestras Valladolid;Valladolid;0;0;0;0;0;0;47186
2020-05-12;Complejo Asistencial de Ávila;Ávila;336;345;215;8;19;6;5019
2020-05-12;Complejo Asistencial Universitario de Burgos;Burgos;580;620;306;24;37;31;9059
2020-05-12;Hospital Santiago Apóstol;Burgos;90;75;58;0;0;0;9059
2020-05-12;Complejo Asistencial Universitario de León;León;752;817;400;28;59;24;24089
2020-05-12;Complejo Asistencial Universitario de Palencia;Palencia;372;369;247;15;28;18;34120
2020-05-12;Complejo Asistencial de Segovia;Segovia;263;294;188;10;22;8;40004
2020-05-12;Hospital Clínico Universitario de Valladolid;Valladolid;538;494;271;44;72;34;47186
2020-05-12;Hospital de Medina del Campo;Valladolid;95;95;58;0;0;0;47186
2020-05-12;Hospital Universitario Río Hortega;Valladolid;470;461;264;19;46;24;47186
2020-05-12;Complejo Asistencial de Zamora;Zamora;362;371;298;11;30;9;49275
2020-05-13;Hospital Santiago Apóstol;Burgos;90;65;58;0;0;0;9059
2020-05-13;Hospital Santos Reyes;Burgos;94;97;48;0;0;0;9059
2020-05-13;Hospital El Bierzo;León;329;243;141;9;18;4;24089
2020-05-13;Complejo Asistencial de Soria;Soria;164;263;140;10;22;9;42173
2020-05-13;Hospital de Medina del Campo;Valladolid;95;95;55;0;0;0;47186
2020-05-14;Complejo Asistencial de Ávila;Ávila;336;346;205;8;19;6;5019
2020-05-14;Complejo Asistencial Universitario de Burgos;Burgos;580;621;320;24;37;28;9059
2020-05-14;Hospital Santiago Apóstol;Burgos;90;93;59;0;0;0;9059
2020-05-14;Hospital Santos Reyes;Burgos;94;97;53;0;0;0;9059
2020-05-14;Complejo Asistencial Universitario de Palencia;Palencia;372;364;245;15;28;17;34120
2020-05-14;Complejo Asistencial Universitario de Salamanca;Salamanca;651;538;398;38;58;38;37274
2020-05-14;Complejo Asistencial de Soria;Soria;164;259;141;10;22;9;42173
2020-05-14;Hospital de Medina del Campo;Valladolid;95;95;52;0;0;0;47186
2020-05-15;Complejo Asistencial de Ávila;Ávila;336;347;186;8;19;7;5019
2020-05-15;Hospital Santiago Apóstol;Burgos;90;90;56;0;0;0;9059
2020-05-15;Complejo Asistencial Universitario de León;León;752;817;400;28;43;23;24089
2020-05-15;Complejo Asistencial Universitario de Palencia;Palencia;372;364;244;15;28;13;34120
2020-05-15;Complejo Asistencial Universitario de Salamanca;Salamanca;651;526;385;38;58;37;37274
2020-05-15;Hospital de Medina del Campo;Valladolid;95;95;49;0;0;0;47186
2020-05-16;Hospital Santos Reyes;Burgos;94;97;33;0;0;0;9059
2020-05-16;Complejo Asistencial Universitario de León;León;752;817;357;28;43;24;24089
2020-05-16;Hospital El Bierzo;León;329;233;125;9;18;3;24089
2020-05-16;Hospital habilitado Feria de Muestras Valladolid;Valladolid;0;0;0;0;0;0;47186
2020-05-17;Hospital Santiago Apóstol;Burgos;90;89;47;0;0;0;9059
2020-05-17;Hospital Santos Reyes;Burgos;94;97;40;0;0;0;9059
2020-05-17;Complejo Asistencial Universitario de Salamanca;Salamanca;651;518;370;38;58;34;37274
2020-05-17;Complejo Asistencial de Segovia;Segovia;263;278;190;10;22;6;40004
2020-05-18;Hospital Santiago Apóstol;Burgos;90;87;58;0;0;0;9059
2020-05-18;Hospital El Bierzo;León;329;220;144;9;18;4;24089
2020-05-18;Complejo Asistencial Universitario de Palencia;Palencia;372;359;214;15;28;12;34120
2020-05-18;Complejo Asistencial Universitario de Salamanca;Salamanca;651;518;380;38;58;36;37274
2020-05-18;Hospital Clínico Universitario de Valladolid;Valladolid;538;461;309;44;72;29;47186
2020-05-19;Hospital Santiago Apóstol;Burgos;90;90;50;0;0;0;9059
2020-05-19;Complejo Asistencial Universitario de Salamanca;Salamanca;651;508;360;38;58;33;37274
2020-05-19;Complejo Asistencial de Segovia;Segovia;263;278;198;10;22;8;40004
2020-05-19;Complejo Asistencial de Soria;Soria;164;264;136;10;22;7;42173
2020-05-19;Hospital Clínico Universitario de Valladolid;Valladolid;538;463;311;44;72;29;47186
2020-05-19;Hospital habilitado Feria de Muestras Valladolid;Valladolid;0;0;0;0;0;0;47186
2020-05-20;Complejo Asistencial de Ávila;Ávila;336;336;181;8;19;7;5019
2020-05-20;Hospital El Bierzo;León;329;233;156;9;9;5;24089
2020-05-20;Complejo Asistencial Universitario de Palencia;Palencia;372;362;200;15;16;14;34120
2020-05-20;Complejo Asistencial de Soria;Soria;164;266;141;10;22;9;42173
2020-05-21;Complejo Asistencial Universitario de Burgos;Burgos;580;643;335;24;37;26;9059
2020-05-21;Complejo Asistencial Universitario de León;León;752;817;428;28;43;26;24089
2020-05-21;Hospital El Bierzo;León;329;227;154;9;9;5;24089
2020-05-21;Hospital Clínico Universitario de Valladolid;Valladolid;538;493;302;44;34;17;47186
2020-05-21;Hospital de Medina del Campo;Valladolid;95;95;51;0;0;0;47186
2020-05-22;Complejo Asistencial de Soria;Soria;164;262;149;10;22;11;42173
2020-05-22;Hospital de Medina del Campo;Valladolid;95;95;55;0;0;0;47186
2020-05-22;Hospital Universitario Río Hortega;Valladolid;470;433;236;19;39;18;47186
2020-05-23;Complejo Asistencial de Ávila;Ávila;336;339;160;8;19;5;5019
2020-05-23;Complejo Asistencial Universitario de León;León;752;817;381;28;43;18;24089
2020-05-23;Hospital Clínico Universitario de Valladolid;Valladolid;538;453;296;44;34;13;47186
2020-05-23;Hospital Universitario Río Hortega;Valladolid;470;434;210;19;39;27;47186
2020-05-23;Complejo Asistencial de Zamora;Zamora;362;355;226;11;30;5;49275
2020-05-23;Hospital habilitado Feria de Muestras Valladolid;Valladolid;0;0;0;0;0;0;47186
2020-05-25;Hospital Santiago Apóstol;Burgos;90;88;51;0;0;0;9059
2020-05-25;Complejo Asistencial Universitario de Palencia;Palencia;372;353;210;15;16;11;34120
2020-05-25;Complejo Asistencial Universitario de Salamanca;Salamanca;651;513;429;38;60;30;37274
2020-05-25;Complejo Asistencial de Soria;Soria;164;237;144;10;16;9;42173
2020-05-25;Hospital de Medina del Campo;Valladolid;95;95;69;0;0;0;47186
2020-05-25;Complejo Asistencial de Zamora;Zamora;362;358;245;11;30;6;49275
2020-05-26;Hospital Santiago Apóstol;Burgos;90;90;58;0;0;0;9059
2020-05-26;Hospital El Bierzo;León;329;264;151;9;18;4;24089
2020-05-26;Complejo Asistencial Universitario de Palencia;Palencia;372;351;222;15;16;7;34120
2020-05-26;Hospital Universitario Río Hortega;Valladolid;470;439;263;19;39;24;47186
2020-05-27;Hospital Clínico Universitario de Valladolid;Valladolid;538;479;320;44;34;19;47186
2020-05-27;Hospital de Medina del Campo;Valladolid;95;95;59;0;0;0;47186
2020-05-28;Hospital Santos Reyes;Burgos;94;97;58;0;0;0;9059
2020-05-28;Hospital de Medina del Campo;Valladolid;95;95;62;0;0;0;47186
2020-05-29;Complejo Asistencial Universitario de Burgos;Burgos;580;658;361;24;37;17;9059
2020-05-29;Hospital Santiago Apóstol;Burgos;90;88;61;0;0;0;9059
2020-05-29;Complejo Asistencial de Segovia;Segovia;263;278;182;10;22;4;40004
2020-05-29;Hospital Clínico Universitario de Valladolid;Valladolid;538;469;297;44;34;20;47186
2020-05-30;Complejo Asistencial de Ávila;Ávila;336;341;212;8;19;4;5019
2020-05-30;Complejo Asistencial Universitario de Burgos;Burgos;580;664;333;24;37;18;9059
2020-05-30;Hospital El Bierzo;León;329;226;166;9;18;1;24089
2020-05-30;Hospital Universitario Río Hortega;Valladolid;470;442;207;19;38;25;47186
2020-05-30;Hospital habilitado Feria de Muestras Valladolid;Valladolid;0;0;0;0;0;0;47186
2020-05-31;Hospital Santos Reyes;Burgos;94;97;47;0;0;0;9059
2020-05-31;Complejo Asistencial Universitario de Salamanca;Salamanca;651;502;391;38;60;28;37274
2020-06-01;Hospital Clínico Universitario de Valladolid;Valladolid;538;471;302;44;34;25;47186
2020-06-01;Hospital Universitario Río Hortega;Valladolid;470;434;267;19;36;22;47186
2020-06-01;Complejo Asistencial de Zamora;Zamora;362;360;211;11;30;7;49275
2020-06-02;Complejo Asistencial de Ávila;Ávila;336;341;233;8;19;6;5019
2020-06-02;Hospital Santiago Apóstol;Burgos;90;92;57;0;0;0;9059
2020-06-02;Hospital Santos Reyes;Burgos;94;97;55;0;0;0;9059
2020-06-02;Hospital El Bierzo;León;329;223;178;9;18;3;24089
2020-06-02;Hospital Clínico Universitario de Valladolid;Valladolid;538;504;321;44;34;24;47186
2020-06-02;Hospital Universitario Río Hortega;Valladolid;470;436;288;19;25;21;47186
2020-06-02;Hospital habilitado Feria de Muestras Valladolid;Valladolid;0;0;0;0;0;0;47186
2020-06-03;Complejo Asistencial Universitario de Burgos;Burgos;580;674;392;24;37;23;9059
2020-06-03;Hospital El Bierzo;León;329;242;183;9;18;3;24089
2020-06-03;Complejo Asistencial de Soria;Soria;164;237;149;10;16;8;42173
2020-06-05;Hospital Santos Reyes;Burgos;94;97;57;0;0;0;9059
2020-06-05;Complejo Asistencial de Soria;Soria;164;236;130;10;16;9;42173
2020-06-05;Hospital de Medina del Campo;Valladolid;95;95;74;0;0;0;47186
2020-06-05;Complejo Asistencial de Zamora;Zamora;362;358;240;11;17;4;49275
2020-06-06;Complejo Asistencial de Ávila;Ávila;336;325;191;8;19;6;5019
2020-06-06;Hospital Santiago Apóstol;Burgos;90;87;67;0;0;0;9059
2020-06-06;Complejo Asistencial Universitario de Palencia;Palencia;372;359;242;15;16;13;34120
2020-06-07;Hospital Santiago Apóstol;Burgos;90;88;63;0;0;0;9059
2020-06-07;Hospital Santos Reyes;Burgos;94;97;39;0;0;0;9059
2020-06-07;Complejo Asistencial de Segovia;Segovia;263;278;174;10;22;8;40004
2020-06-07;Complejo Asistencial de Soria;Soria;164;233;131;10;16;9;42173
2020-06-08;Complejo Asistencial Universitario de Salamanca;Salamanca;651;533;454;38;60;28;37274
2020-06-08;Hospital Clínico Universitario de Valladolid;Valladolid;538;530;340;44;34;20;47186
2020-06-08;Complejo Asistencial de Zamora;Zamora;362;370;225;11;17;6;49275
2020-06-09;Complejo Asistencial Universitario de Burgos;Burgos;580;671;369;24;37;20;9059
2020-06-09;Hospital Santiago Apóstol;Burgos;90;90;67;0;0;0;9059
2020-06-09;Hospital El Bierzo;León;329;249;189;9;18;7;24089
2020-06-09;Hospital Clínico Universitario de Valladolid;Valladolid;538;520;344;44;34;23;47186
2020-06-09;Hospital Universitario Río Hortega;Valladolid;470;441;264;19;33;21;47186
2020-06-09;Complejo Asistencial de Zamora;Zamora;362;371;253;11;17;3;49275
2020-06-09;Hospital habilitado Feria de Muestras Valladolid;Valladolid;0;0;0;0;0;0;47186
2020-06-10;Hospital El Bierzo;León;329;259;198;9;18;6;24089
2020-06-10;Complejo Asistencial Universitario de Palencia;Palencia;372;358;258;15;16;12;34120
2020-06-10;Hospital de Medina del Campo;Valladolid;95;95;64;0;0;0;47186
2020-06-11;Complejo Asistencial de Ávila;Ávila;336;325;202;8;19;5;5019
2020-06-11;Hospital Santiago Apóstol;Burgos;90;86;47;0;0;0;9059
2020-06-11;Complejo Asistencial de Segovia;Segovia;263;278;181;10;22;4;40004
2020-06-11;Complejo Asistencial de Soria;Soria;164;206;157;10;16;5;42173
2020-06-11;Hospital Clínico Universitario de Valladolid;Valladolid;538;501;342;44;34;20;47186
2020-06-11;Complejo Asistencial de Zamora;Zamora;362;360;232;11;17;2;49275
2020-06-11;Hospital habilitado Feria de Muestras Valladolid;Valladolid;0;0;0;0;0;0;47186
2020-06-12;Complejo Asistencial Universitario de Burgos;Burgos;580;670;388;24;37;17;9059
2020-06-12;Hospital El Bierzo;León;329;277;181;9;18;3;24089
2020-06-12;Complejo Asistencial de Segovia;Segovia;263;278;171;10;22;6;40004
2020-06-12;Hospital Universitario Río Hortega;Valladolid;470;431;332;19;33;23;47186
2020-06-12;Complejo Asistencial de Zamora;Zamora;362;360;234;11;17;2;49275
2020-06-12;Hospital habilitado Feria de Muestras Valladolid;Valladolid;0;0;0;0;0;0;47186
2020-06-15;Complejo Asistencial Universitario de Burgos;Burgos;580;676;370;24;37;20;9059
2020-06-15;Hospital Santiago Apóstol;Burgos;90;91;52;0;0;0;9059
2020-06-15;Hospital Santos Reyes;Burgos;94;97;52;0;0;0;9059
2020-06-15;Complejo Asistencial Universitario de Palencia;Palencia;372;349;251;15;16;15;34120
2020-06-15;Complejo Asistencial de Soria;Soria;164;209;170;10;16;5;42173
2020-06-15;Hospital de Medina del Campo;Valladolid;95;95;58;0;0;0;47186
2020-06-15;Hospital Universitario Río Hortega;Valladolid;470;430;267;19;33;24;47186
2020-06-15;Complejo Asistencial de Zamora;Zamora;362;360;229;11;17;2;49275
2020-06-16;Complejo Asistencial Universitario de Burgos;Burgos;580;681;384;24;37;20;9059
2020-06-16;Complejo Asistencial Universitario de Salamanca;Salamanca;651;554;477;38;50;32;37274
2020-06-16;Complejo Asistencial de Soria;Soria;164;206;168;10;16;4;42173
2020-06-16;Hospital Clínico Universitario de Valladolid;Valladolid;538;511;319;44;34;20;47186
2020-06-16;Hospital de Medina del Campo;Valladolid;95;95;63;0;0;0;47186
2020-06-17;Complejo Asistencial Universitario de León;León;752;817;529;28;43;23;24089
2020-06-17;Complejo Asistencial Universitario de Salamanca;Salamanca;651;551;498;38;50;29;37274
2020-06-17;Hospital habilitado Feria de Muestras Valladolid;Valladolid;0;0;0;0;0;0;47186
2020-06-18;Complejo Asistencial Universitario de León;León;752;817;540;28;43;22;24089
2020-06-18;Complejo Asistencial Universitario de Palencia;Palencia;372;350;262;15;16;15;34120
2020-06-18;Complejo Asistencial de Soria;Soria;164;210;161;10;16;8;42173
2020-06-18;Hospital Clínico Universitario de Valladolid;Valladolid;538;509;341;44;34;18;47186
2020-06-18;Hospital Universitario Río Hortega;Valladolid;470;435;319;19;33;24;47186
2020-06-18;Complejo Asistencial de Zamora;Zamora;362;360;269;11;17;6;49275
2020-06-19;Complejo Asistencial de Ávila;Ávila;336;331;193;8;19;6;5019
2020-06-19;Hospital Santiago Apóstol;Burgos;90;89;71;0;0;0;9059
2020-06-19;Hospital Santos Reyes;Burgos;94;97;67;0;0;0;9059
2020-06-19;Complejo Asistencial Universitario de León;León;752;817;658;28;43;24;24089
2020-06-19;Hospital El Bierzo;León;329;272;200;9;18;3;24089
2020-06-19;Hospital de Medina del Campo;Valladolid;95;95;67;0;0;0;47186
2020-06-19;Hospital Universitario Río Hortega;Valladolid;470;430;332;19;33;18;47186
2020-04-20;Complejo Asistencial Universitario de León;León;752;817;382;28;59;36;24089
2020-04-20;Hospital Clínico Universitario de Valladolid;Valladolid;538;514;302;44;80;51;47186
2020-04-20;Hospital habilitado Feria de Muestras Valladolid;Valladolid;0;43;6;0;0;0;47186
2020-04-21;Hospital Santiago Apóstol;Burgos;90;67;51;0;0;0;9059
2020-04-21;Hospital de Medina del Campo;Valladolid;95;119;58;0;12;1;47186
2020-04-22;Hospital Santiago Apóstol;Burgos;90;66;50;0;0;0;9059
2020-04-22;Hospital Clínico Universitario de Valladolid;Valladolid;538;454;291;44;74;47;47186
2020-04-23;Hospital Santos Reyes;Burgos;94;122;22;0;0;0;9059
2020-04-23;Hospital Clínico Universitario de Valladolid;Valladolid;538;447;288;44;74;48;47186
2020-04-23;Hospital Universitario Río Hortega;Valladolid;470;517;237;19;45;41;47186
2020-04-24;Complejo Asistencial de Segovia;Segovia;263;310;180;10;29;14;40004
2020-04-25;Hospital Santiago Apóstol;Burgos;90;74;47;0;0;0;9059
2020-04-25;Hospital Universitario Río Hortega;Valladolid;470;517;232;19;45;39;47186
2020-04-25;Hospital habilitado Feria de Muestras Valladolid;Valladolid;0;44;0;0;0;0;47186
2020-04-26;Complejo Asistencial de Segovia;Segovia;263;310;183;10;29;14;40004
2020-04-27;Hospital El Bierzo;León;329;377;168;9;18;11;24089
2020-04-27;Complejo Asistencial Universitario de Palencia;Palencia;372;381;242;15;31;19;34120
2020-04-27;Complejo Asistencial de Segovia;Segovia;263;310;187;10;29;12;40004
2020-04-28;Hospital Santiago Apóstol;Burgos;90;63;56;0;0;0;9059
2020-04-28;Complejo Asistencial Universitario de Salamanca;Salamanca;651;581;455;38;65;42;37274
2020-04-28;Hospital de Medina del Campo;Valladolid;95;119;60;0;12;0;47186
2020-04-28;Hospital Universitario Río Hortega;Valladolid;470;516;269;19;45;36;47186
2020-04-28;Hospital habilitado Feria de Muestras Valladolid;Valladolid;0;0;0;0;0;0;47186
2020-04-29;Complejo Asistencial Universitario de León;León;752;817;376;28;59;26;24089
2020-04-29;Hospital de Medina del Campo;Valladolid;95;119;63;0;12;0;47186
2020-04-30;Hospital Santos Reyes;Burgos;94;97;31;0;0;0;9059
2020-04-30;Complejo Asistencial Universitario de Palencia;Palencia;372;384;238;15;31;19;34120
2020-04-30;Hospital de Medina del Campo;Valladolid;95;119;56;0;12;0;47186
2020-05-01;Hospital Clínico Universitario de Valladolid;Valladolid;538;448;264;44;76;37;47186
2020-05-02;Hospital El Bierzo;León;329;324;137;9;18;6;24089
2020-05-02;Complejo Asistencial de Segovia;Segovia;263;310;163;10;17;8;40004
2020-05-02;Complejo Asistencial de Soria;Soria;164;255;155;10;22;12;42173
2020-05-03;Hospital Santos Reyes;Burgos;94;97;41;0;0;0;9059
2020-05-03;Hospital Clínico Universitario de Valladolid;Valladolid;538;480;279;44;76;32;47186
2020-05-03;Hospital habilitado Feria de Muestras Valladolid;Valladolid;0;0;0;0;0;0;47186
2020-05-04;Complejo Asistencial de Ávila;Ávila;336;362;200;8;19;7;5019
2020-05-04;Hospital Santos Reyes;Burgos;94;97;35;0;0;0;9059
2020-05-04;Complejo Asistencial Universitario de Palencia;Palencia;372;379;245;15;31;19;34120
2020-05-04;Hospital de Medina del Campo;Valladolid;95;119;64;0;12;0;47186
2020-05-05;Complejo Asistencial de Ávila;Ávila;336;358;218;8;19;5;5019
2020-05-05;Complejo Asistencial Universitario de León;León;752;817;439;28;59;28;24089
2020-05-05;Complejo Asistencial de Segovia;Segovia;263;294;196;10;22;7;40004
2020-05-05;Hospital de Medina del Campo;Valladolid;95;119;64;0;12;0;47186
2020-05-05;Hospital Universitario Río Hortega;Valladolid;470;513;277;19;44;29;47186
2020-05-06;Complejo Asistencial Universitario de Burgos;Burgos;580;685;348;24;78;32;9059
2020-05-06;Hospital Santiago Apóstol;Burgos;90;63;57;0;0;0;9059
2020-05-06;Hospital El Bierzo;León;329;270;171;9;18;0;24089
2020-05-06;Hospital Clínico Universitario de Valladolid;Valladolid;538;470;302;44;76;33;47186
2020-05-07;Complejo Asistencial Universitario de Salamanca;Salamanca;651;538;448;38;58;43;37274
2020-05-09;Complejo Asistencial de Ávila;Ávila;336;369;182;8;19;7;5019
2020-05-09;Hospital Clínico Universitario de Valladolid;Valladolid;538;473;265;44;72;40;47186
2020-05-10;Complejo Asistencial de Soria;Soria;164;257;141;10;22;10;42173
2020-05-11;Complejo Asistencial de Ávila;Ávila;336;345;210;8;19;7;5019
2020-05-11;Complejo Asistencial Universitario de Burgos;Burgos;580;611;301;24;37;31;9059
2020-05-11;Complejo Asistencial Universitario de León;León;752;817;420;28;59;23;24089
2020-05-11;Hospital El Bierzo;León;329;296;166;9;18;9;24089
2020-05-12;Hospital El Bierzo;León;329;260;151;9;18;5;24089
2020-05-12;Complejo Asistencial Universitario de Salamanca;Salamanca;651;538;417;38;58;39;37274
2020-05-13;Complejo Asistencial Universitario de Salamanca;Salamanca;651;548;413;38;58;37;37274
2020-05-13;Hospital habilitado Feria de Muestras Valladolid;Valladolid;0;0;0;0;0;0;47186
2020-05-14;Hospital El Bierzo;León;329;240;128;9;18;4;24089
2020-05-14;Complejo Asistencial de Segovia;Segovia;263;294;181;10;22;7;40004
2020-05-14;Hospital Universitario Río Hortega;Valladolid;470;459;270;19;47;23;47186
2020-05-14;Complejo Asistencial de Zamora;Zamora;362;368;270;11;30;10;49275
2020-05-15;Complejo Asistencial Universitario de Burgos;Burgos;580;621;325;24;37;24;9059
2020-05-15;Hospital El Bierzo;León;329;229;141;9;18;4;24089
2020-05-15;Hospital Clínico Universitario de Valladolid;Valladolid;538;456;277;44;72;34;47186
2020-05-15;Hospital Universitario Río Hortega;Valladolid;470;422;260;19;47;25;47186
2020-05-15;Hospital habilitado Feria de Muestras Valladolid;Valladolid;0;0;0;0;0;0;47186
2020-05-16;Complejo Asistencial de Ávila;Ávila;336;349;166;8;19;8;5019
2020-05-16;Hospital Santiago Apóstol;Burgos;90;89;47;0;0;0;9059
2020-05-16;Hospital Clínico Universitario de Valladolid;Valladolid;538;460;297;44;72;32;47186
2020-05-16;Hospital de Medina del Campo;Valladolid;95;95;48;0;0;0;47186
2020-05-16;Hospital Universitario Río Hortega;Valladolid;470;421;233;19;47;24;47186
2020-05-17;Complejo Asistencial Universitario de Palencia;Palencia;372;359;215;15;28;12;34120
2020-05-17;Complejo Asistencial de Zamora;Zamora;362;365;248;11;30;8;49275
2020-05-17;Hospital habilitado Feria de Muestras Valladolid;Valladolid;0;0;0;0;0;0;47186
2020-05-18;Complejo Asistencial Universitario de Burgos;Burgos;580;646;346;24;37;24;9059
2020-05-18;Complejo Asistencial Universitario de León;León;752;817;420;28;43;20;24089
2020-05-18;Hospital Universitario Río Hortega;Valladolid;470;422;246;19;39;21;47186
2020-05-18;Complejo Asistencial de Zamora;Zamora;362;365;260;11;30;8;49275
2020-05-19;Hospital Santos Reyes;Burgos;94;97;54;0;0;0;9059
2020-05-19;Hospital El Bierzo;León;329;214;157;9;9;4;24089
2020-05-19;Complejo Asistencial Universitario de Palencia;Palencia;372;361;217;15;16;13;34120
2020-05-19;Hospital de Medina del Campo;Valladolid;95;95;54;0;0;0;47186
2020-05-19;Complejo Asistencial de Zamora;Zamora;362;353;268;11;30;6;49275
2020-05-20;Hospital Santiago Apóstol;Burgos;90;88;56;0;0;0;9059
2020-05-20;Hospital Santos Reyes;Burgos;94;97;55;0;0;0;9059
2020-05-20;Complejo Asistencial de Segovia;Segovia;263;278;195;10;22;9;40004
2020-05-20;Hospital Universitario Río Hortega;Valladolid;470;426;256;19;39;19;47186
2020-05-20;Hospital habilitado Feria de Muestras Valladolid;Valladolid;0;0;0;0;0;0;47186
2020-05-21;Complejo Asistencial de Ávila;Ávila;336;338;173;8;19;7;5019
2020-05-21;Hospital Santiago Apóstol;Burgos;90;92;49;0;0;0;9059
2020-05-21;Hospital Santos Reyes;Burgos;94;97;51;0;0;0;9059
2020-05-21;Complejo Asistencial Universitario de Salamanca;Salamanca;651;496;393;38;58;31;37274
2020-05-21;Complejo Asistencial de Zamora;Zamora;362;355;253;11;30;7;49275
2020-05-22;Complejo Asistencial de Ávila;Ávila;336;337;183;8;19;7;5019
2020-05-22;Complejo Asistencial Universitario de Burgos;Burgos;580;646;343;24;37;26;9059
2020-05-22;Hospital Santos Reyes;Burgos;94;97;46;0;0;0;9059
2020-05-22;Complejo Asistencial Universitario de León;León;752;817;435;28;43;21;24089
2020-05-22;Hospital El Bierzo;León;329;231;153;9;9;4;24089
2020-05-22;Hospital Clínico Universitario de Valladolid;Valladolid;538;486;304;44;34;19;47186
2020-05-22;Complejo Asistencial de Zamora;Zamora;362;355;253;11;30;5;49275
2020-05-23;Complejo Asistencial Universitario de Burgos;Burgos;580;648;313;24;37;23;9059
2020-05-23;Hospital Santos Reyes;Burgos;94;97;45;0;0;0;9059
2020-05-23;Hospital El Bierzo;León;329;219;153;9;9;3;24089
2020-05-23;Complejo Asistencial Universitario de Palencia;Palencia;372;355;202;15;16;11;34120
2020-05-24;Complejo Asistencial de Ávila;Ávila;336;341;169;8;19;5;5019
2020-05-24;Complejo Asistencial Universitario de Burgos;Burgos;580;648;322;24;37;20;9059
2020-05-24;Hospital Santiago Apóstol;Burgos;90;88;43;0;0;0;9059
2020-05-24;Complejo Asistencial Universitario de Palencia;Palencia;372;354;206;15;16;10;34120
2020-05-24;Hospital de Medina del Campo;Valladolid;95;95;50;0;0;0;47186
2020-05-24;Hospital habilitado Feria de Muestras Valladolid;Valladolid;0;0;0;0;0;0;47186
2020-05-25;Complejo Asistencial de Ávila;Ávila;336;337;178;8;19;6;5019
2020-05-25;Complejo Asistencial Universitario de Burgos;Burgos;580;647;352;24;37;18;9059
2020-05-25;Hospital El Bierzo;León;329;226;163;9;9;4;24089
2020-05-25;Hospital Universitario Río Hortega;Valladolid;470;434;250;19;39;24;47186
2020-05-26;Complejo Asistencial Universitario de Burgos;Burgos;580;647;368;24;37;19;9059
2020-05-26;Complejo Asistencial de Soria;Soria;164;238;153;10;16;8;42173
2020-05-26;Hospital Clínico Universitario de Valladolid;Valladolid;538;446;311;44;34;17;47186
2020-05-26;Complejo Asistencial de Zamora;Zamora;362;362;251;11;30;5;49275
2020-05-27;Complejo Asistencial de Ávila;Ávila;336;339;194;8;19;4;5019
2020-05-27;Complejo Asistencial Universitario de Burgos;Burgos;580;650;375;24;37;18;9059
2020-05-27;Hospital Santiago Apóstol;Burgos;90;87;56;0;0;0;9059
2020-05-27;Complejo Asistencial Universitario de León;León;752;817;421;28;43;18;24089
2020-05-27;Complejo Asistencial Universitario de Salamanca;Salamanca;651;516;426;38;60;24;37274
2020-05-27;Hospital habilitado Feria de Muestras Valladolid;Valladolid;0;0;0;0;0;0;47186
2020-05-28;Complejo Asistencial Universitario de Burgos;Burgos;580;650;375;24;37;19;9059
2020-05-28;Complejo Asistencial Universitario de León;León;752;817;428;28;43;17;24089
2020-05-28;Hospital El Bierzo;León;329;258;163;9;18;2;24089
2020-05-28;Complejo Asistencial de Soria;Soria;164;230;156;10;16;7;42173
2020-05-28;Hospital Clínico Universitario de Valladolid;Valladolid;538;473;301;44;34;20;47186
2020-05-28;Complejo Asistencial de Zamora;Zamora;362;361;244;11;30;6;49275
2020-05-29;Complejo Asistencial Universitario de León;León;752;817;422;28;43;20;24089
2020-05-29;Complejo Asistencial de Soria;Soria;164;227;158;10;16;7;42173
2020-05-29;Hospital Universitario Río Hortega;Valladolid;470;441;239;19;39;27;47186
2020-05-29;Complejo Asistencial de Zamora;Zamora;362;357;244;11;30;6;49275
2020-05-29;Hospital habilitado Feria de Muestras Valladolid;Valladolid;0;0;0;0;0;0;47186
2020-05-30;Hospital Santos Reyes;Burgos;94;97;51;0;0;0;9059
2020-05-30;Complejo Asistencial Universitario de León;León;752;817;392;28;43;18;24089
2020-05-30;Complejo Asistencial Universitario de Salamanca;Salamanca;651;502;389;38;60;31;37274
2020-05-30;Complejo Asistencial de Segovia;Segovia;263;278;172;10;22;4;40004
2020-05-30;Complejo Asistencial de Soria;Soria;164;226;147;10;16;8;42173
2020-05-30;Hospital Clínico Universitario de Valladolid;Valladolid;538;469;269;44;34;23;47186
2020-05-31;Complejo Asistencial Universitario de Burgos;Burgos;580;664;344;24;37;21;9059
2020-05-31;Hospital Santiago Apóstol;Burgos;90;92;49;0;0;0;9059
2020-05-31;Complejo Asistencial Universitario de León;León;752;817;403;28;43;20;24089
2020-05-31;Hospital El Bierzo;León;329;227;161;9;18;1;24089
2020-05-31;Complejo Asistencial Universitario de Palencia;Palencia;372;357;207;15;16;12;34120
2020-05-31;Hospital Clínico Universitario de Valladolid;Valladolid;538;469;285;44;34;21;47186
2020-05-31;Complejo Asistencial de Zamora;Zamora;362;360;201;11;30;7;49275
2020-05-31;Hospital habilitado Feria de Muestras Valladolid;Valladolid;0;0;0;0;0;0;47186
2020-06-01;Complejo Asistencial Universitario de Burgos;Burgos;580;663;372;24;37;24;9059
2020-06-01;Hospital Santiago Apóstol;Burgos;90;93;52;0;0;0;9059
2020-06-01;Complejo Asistencial Universitario de León;León;752;817;580;28;43;23;24089
2020-06-01;Complejo Asistencial Universitario de Palencia;Palencia;372;354;246;15;16;11;34120
2020-06-01;Complejo Asistencial Universitario de Salamanca;Salamanca;651;518;422;38;60;26;37274
2020-06-01;Complejo Asistencial de Segovia;Segovia;263;278;198;10;22;6;40004
2020-06-01;Hospital de Medina del Campo;Valladolid;95;95;65;0;0;0;47186
2020-06-02;Complejo Asistencial Universitario de Burgos;Burgos;580;665;373;24;37;22;9059
2020-06-02;Complejo Asistencial de Segovia;Segovia;263;278;209;10;22;6;40004
2020-06-02;Complejo Asistencial de Soria;Soria;164;238;156;10;16;9;42173
2020-06-02;Hospital de Medina del Campo;Valladolid;95;95;65;0;0;0;47186
2020-06-03;Hospital Santiago Apóstol;Burgos;90;89;58;0;0;0;9059
2020-06-03;Hospital Santos Reyes;Burgos;94;97;59;0;0;0;9059
2020-06-03;Complejo Asistencial Universitario de Palencia;Palencia;372;354;245;15;16;14;34120
2020-06-03;Complejo Asistencial Universitario de Salamanca;Salamanca;651;534;439;38;60;28;37274
2020-06-03;Hospital Clínico Universitario de Valladolid;Valladolid;538;499;325;44;34;22;47186
2020-06-03;Hospital de Medina del Campo;Valladolid;95;95;69;0;0;0;47186
2020-06-03;Hospital Universitario Río Hortega;Valladolid;470;435;285;19;31;20;47186
2020-06-03;Complejo Asistencial de Zamora;Zamora;362;360;260;11;17;6;49275
2020-06-03;Hospital habilitado Feria de Muestras Valladolid;Valladolid;0;0;0;0;0;0;47186
2020-06-04;Complejo Asistencial Universitario de Burgos;Burgos;580;672;391;24;37;24;9059
2020-06-04;Hospital Santiago Apóstol;Burgos;90;86;65;0;0;0;9059
2020-06-04;Hospital Santos Reyes;Burgos;94;97;57;0;0;0;9059
2020-06-04;Complejo Asistencial Universitario de León;León;752;817;458;28;43;22;24089
2020-06-04;Hospital El Bierzo;León;329;229;177;9;18;5;24089
2020-06-04;Complejo Asistencial Universitario de Salamanca;Salamanca;651;529;424;38;60;31;37274
2020-06-04;Complejo Asistencial de Segovia;Segovia;263;278;192;10;22;5;40004
2020-06-04;Hospital de Medina del Campo;Valladolid;95;95;68;0;0;0;47186
2020-06-04;Complejo Asistencial de Zamora;Zamora;362;360;246;11;17;6;49275
2020-06-05;Complejo Asistencial de Ávila;Ávila;336;333;219;8;19;6;5019
2020-06-05;Complejo Asistencial Universitario de Burgos;Burgos;580;673;394;24;37;23;9059
2020-06-05;Complejo Asistencial Universitario de León;León;752;817;465;28;43;28;24089
2020-06-05;Hospital El Bierzo;León;329;236;178;9;18;7;24089
2020-06-05;Hospital habilitado Feria de Muestras Valladolid;Valladolid;0;0;0;0;0;0;47186
2020-06-06;Hospital El Bierzo;León;329;231;165;9;18;6;24089
2020-06-06;Hospital Universitario Río Hortega;Valladolid;470;438;266;19;33;21;47186
2020-06-06;Hospital habilitado Feria de Muestras Valladolid;Valladolid;0;0;0;0;0;0;47186
2020-06-07;Complejo Asistencial Universitario de Burgos;Burgos;580;670;330;24;37;22;9059
2020-06-07;Complejo Asistencial Universitario de Palencia;Palencia;372;360;242;15;16;11;34120
2020-06-07;Complejo Asistencial Universitario de Salamanca;Salamanca;651;529;412;38;60;31;37274
2020-06-07;Hospital habilitado Feria de Muestras Valladolid;Valladolid;0;0;0;0;0;0;47186
2020-06-08;Complejo Asistencial Universitario de Burgos;Burgos;580;670;373;24;37;23;9059
2020-06-08;Complejo Asistencial Universitario de León;León;752;817;485;28;43;28;24089
2020-06-08;Hospital El Bierzo;León;329;243;191;9;18;9;24089
2020-06-08;Complejo Asistencial de Soria;Soria;164;247;146;10;16;8;42173
2020-06-08;Hospital Universitario Río Hortega;Valladolid;470;441;300;19;33;23;47186
2020-06-08;Hospital habilitado Feria de Muestras Valladolid;Valladolid;0;0;0;0;0;0;47186
2020-06-09;Hospital Santos Reyes;Burgos;94;97;46;0;0;0;9059
2020-06-09;Complejo Asistencial Universitario de Salamanca;Salamanca;651;547;438;38;60;30;37274
2020-06-09;Hospital de Medina del Campo;Valladolid;95;95;64;0;0;0;47186
2020-06-10;Hospital Santos Reyes;Burgos;94;97;42;0;0;0;9059
2020-06-10;Complejo Asistencial Universitario de Salamanca;Salamanca;651;548;443;38;50;31;37274
2020-06-10;Hospital Clínico Universitario de Valladolid;Valladolid;538;526;339;44;34;20;47186
2020-06-10;Hospital Universitario Río Hortega;Valladolid;470;440;324;19;33;25;47186
2020-06-10;Hospital habilitado Feria de Muestras Valladolid;Valladolid;0;0;0;0;0;0;47186
2020-06-11;Hospital Santos Reyes;Burgos;94;97;42;0;0;0;9059
2020-06-11;Complejo Asistencial Universitario de León;León;752;817;499;28;43;21;24089
2020-06-11;Complejo Asistencial Universitario de Salamanca;Salamanca;651;548;435;38;50;29;37274
2020-06-11;Hospital Universitario Río Hortega;Valladolid;470;440;337;19;33;24;47186
2020-06-12;Hospital Santiago Apóstol;Burgos;90;86;52;0;0;0;9059
2020-06-12;Hospital Santos Reyes;Burgos;94;97;54;0;0;0;9059
2020-06-12;Complejo Asistencial Universitario de León;León;752;817;520;28;43;24;24089
2020-06-12;Complejo Asistencial Universitario de Palencia;Palencia;372;357;233;15;18;25;34120
2020-06-12;Complejo Asistencial Universitario de Salamanca;Salamanca;651;554;434;38;50;29;37274
2020-06-15;Complejo Asistencial Universitario de León;León;752;817;519;28;43;17;24089
2020-06-15;Complejo Asistencial Universitario de Salamanca;Salamanca;651;558;495;38;50;29;37274
2020-06-15;Hospital habilitado Feria de Muestras Valladolid;Valladolid;0;0;0;0;0;0;47186
2020-06-16;Hospital Santiago Apóstol;Burgos;90;90;59;0;0;0;9059
2020-06-16;Hospital Santos Reyes;Burgos;94;97;61;0;0;0;9059
2020-06-16;Hospital El Bierzo;León;329;271;198;9;18;1;24089
2020-06-16;Hospital Universitario Río Hortega;Valladolid;470;430;267;19;33;22;47186
2020-06-16;Complejo Asistencial de Zamora;Zamora;362;360;245;11;17;4;49275
2020-06-17;Complejo Asistencial de Ávila;Ávila;336;333;202;8;19;5;5019
2020-06-17;Complejo Asistencial Universitario de Burgos;Burgos;580;679;399;24;37;18;9059
2020-06-17;Hospital Santiago Apóstol;Burgos;90;92;59;0;0;0;9059
2020-06-17;Hospital El Bierzo;León;329;267;210;9;18;1;24089
2020-06-17;Complejo Asistencial de Segovia;Segovia;263;278;198;10;22;6;40004
2020-06-17;Complejo Asistencial de Soria;Soria;164;211;164;10;16;6;42173
2020-06-17;Hospital Universitario Río Hortega;Valladolid;470;431;322;19;33;24;47186
2020-06-18;Complejo Asistencial de Ávila;Ávila;336;328;205;8;19;5;5019
2020-06-18;Complejo Asistencial Universitario de Burgos;Burgos;580;673;404;24;37;18;9059
2020-06-18;Hospital El Bierzo;León;329;264;206;9;18;2;24089
2020-06-18;Complejo Asistencial Universitario de Salamanca;Salamanca;651;550;495;38;50;30;37274
2020-06-18;Hospital de Medina del Campo;Valladolid;95;95;65;0;0;0;47186
2020-06-18;Hospital habilitado Feria de Muestras Valladolid;Valladolid;0;0;0;0;0;0;47186
2020-06-19;Complejo Asistencial Universitario de Burgos;Burgos;580;670;363;24;37;23;9059
2020-06-19;Complejo Asistencial Universitario de Palencia;Palencia;372;351;240;15;16;12;34120
2020-06-19;Complejo Asistencial Universitario de Salamanca;Salamanca;651;558;501;38;50;35;37274
2020-06-19;Complejo Asistencial de Soria;Soria;164;190;159;10;16;7;42173
2020-06-19;Hospital Clínico Universitario de Valladolid;Valladolid;538;507;338;44;34;18;47186
2020-06-19;Hospital habilitado Feria de Muestras Valladolid;Valladolid;0;0;0;0;0;0;47186
2020-04-07;Complejo Asistencial de Ávila;Ávila;336;370;299;8;22;13;5019
2020-04-07;Complejo Asistencial Universitario de Burgos;Burgos;580;685;372;24;76;60;9059
2020-04-07;Hospital Clínico Universitario de Valladolid;Valladolid;538;646;468;44;83;59;47186
2020-04-07;Complejo Asistencial de Zamora;Zamora;362;394;238;11;30;15;49275
2020-04-08;Complejo Asistencial de Ávila;Ávila;336;374;290;8;22;13;5019
2020-04-08;Complejo Asistencial Universitario de Burgos;Burgos;580;685;369;24;76;62;9059
2020-04-08;Hospital Santos Reyes;Burgos;94;135;46;0;0;0;9059
2020-04-08;Complejo Asistencial Universitario de León;León;752;817;523;28;59;44;24089
2020-04-08;Hospital El Bierzo;León;329;390;161;9;18;12;24089
2020-04-08;Complejo Asistencial Universitario de Salamanca;Salamanca;651;742;579;38;82;53;37274
2020-04-08;Complejo Asistencial de Segovia;Segovia;263;421;265;10;31;24;40004
2020-04-09;Hospital Santiago Apóstol;Burgos;90;72;63;0;0;0;9059
2020-04-09;Hospital El Bierzo;León;329;393;149;9;18;12;24089
2020-04-09;Hospital Clínico Universitario de Valladolid;Valladolid;538;647;447;44;83;61;47186
2020-04-09;Hospital de Medina del Campo;Valladolid;95;119;64;0;18;1;47186
2020-04-09;Complejo Asistencial de Zamora;Zamora;362;554;308;11;30;14;49275
2020-04-10;Hospital Santos Reyes;Burgos;94;135;33;0;0;0;9059
2020-04-10;Complejo Asistencial Universitario de Salamanca;Salamanca;651;679;543;38;82;52;37274
2020-04-10;Hospital Clínico Universitario de Valladolid;Valladolid;538;647;429;44;83;58;47186
2020-04-10;Hospital habilitado Feria de Muestras Valladolid;Valladolid;0;44;17;0;0;0;47186
2020-04-11;Complejo Asistencial de Ávila;Ávila;336;366;165;8;22;13;5019
2020-04-11;Hospital Santiago Apóstol;Burgos;90;76;40;0;0;0;9059
2020-04-11;Complejo Asistencial Universitario de León;León;752;817;303;28;59;45;24089
2020-04-11;Complejo Asistencial Universitario de Salamanca;Salamanca;651;679;307;38;82;49;37274
2020-04-11;Complejo Asistencial de Segovia;Segovia;263;421;199;10;29;23;40004
2020-04-11;Complejo Asistencial de Soria;Soria;164;270;134;10;27;20;42173
2020-04-11;Hospital Clínico Universitario de Valladolid;Valladolid;538;649;203;44;83;61;47186
2020-04-11;Hospital de Medina del Campo;Valladolid;95;119;27;0;18;1;47186
2020-04-11;Complejo Asistencial de Zamora;Zamora;362;477;139;11;30;15;49275
2020-04-11;Hospital habilitado Feria de Muestras Valladolid;Valladolid;0;44;19;0;0;0;47186
2020-04-12;Hospital de Medina del Campo;Valladolid;95;119;71;0;18;1;47186
2020-04-12;Complejo Asistencial de Zamora;Zamora;362;477;233;11;30;14;49275
2020-04-12;Hospital habilitado Feria de Muestras Valladolid;Valladolid;0;43;18;0;0;0;47186
2020-04-13;Complejo Asistencial Universitario de Burgos;Burgos;580;685;363;24;76;55;9059
2020-04-13;Complejo Asistencial Universitario de León;León;752;817;429;28;59;41;24089
2020-04-13;Complejo Asistencial Universitario de Palencia;Palencia;372;525;298;15;32;26;34120
2020-04-13;Complejo Asistencial Universitario de Salamanca;Salamanca;651;679;510;38;82;55;37274
2020-04-13;Complejo Asistencial de Segovia;Segovia;263;421;225;10;29;23;40004
2020-04-14;Hospital Santos Reyes;Burgos;94;121;29;0;0;0;9059
2020-04-14;Hospital El Bierzo;León;329;386;165;9;18;13;24089
2020-04-14;Complejo Asistencial de Soria;Soria;164;276;187;10;27;18;42173
2020-04-14;Hospital Clínico Universitario de Valladolid;Valladolid;538;567;363;44;80;55;47186
2020-04-14;Hospital de Medina del Campo;Valladolid;95;119;64;0;12;1;47186
2020-04-14;Hospital Universitario Río Hortega;Valladolid;470;502;274;19;61;47;47186
2020-04-15;Hospital Santos Reyes;Burgos;94;121;23;0;0;0;9059
2020-04-15;Complejo Asistencial de Segovia;Segovia;263;421;217;10;31;20;40004
2020-04-15;Hospital Universitario Río Hortega;Valladolid;470;503;259;19;61;48;47186
2020-04-16;Hospital Santiago Apóstol;Burgos;90;72;49;0;0;0;9059
2020-04-16;Hospital El Bierzo;León;329;386;156;9;18;8;24089
2020-04-16;Complejo Asistencial de Zamora;Zamora;362;398;228;11;30;13;49275
2020-04-17;Complejo Asistencial Universitario de Palencia;Palencia;372;385;303;15;31;26;34120
2020-04-17;Complejo Asistencial de Segovia;Segovia;263;326;200;10;31;19;40004
2020-04-17;Hospital Universitario Río Hortega;Valladolid;470;517;234;19;61;47;47186
2020-04-17;Hospital habilitado Feria de Muestras Valladolid;Valladolid;0;43;12;0;0;0;47186
2020-04-18;Hospital Santos Reyes;Burgos;94;122;26;0;0;0;9059
2020-04-18;Hospital Universitario Río Hortega;Valladolid;470;518;225;19;61;46;47186
2020-04-18;Complejo Asistencial de Zamora;Zamora;362;398;207;11;30;12;49275
2020-04-18;Hospital habilitado Feria de Muestras Valladolid;Valladolid;0;43;8;0;0;0;47186
2020-04-19;Complejo Asistencial Universitario de Palencia;Palencia;372;387;263;15;31;23;34120
2020-04-19;Complejo Asistencial Universitario de Salamanca;Salamanca;651;619;498;38;75;47;37274
2020-04-19;Complejo Asistencial de Segovia;Segovia;263;326;184;10;31;18;40004
2020-04-19;Hospital Clínico Universitario de Valladolid;Valladolid;538;516;292;44;80;50;47186
2020-04-19;Complejo Asistencial de Zamora;Zamora;362;398;239;11;30;13;49275
2020-04-20;Complejo Asistencial de Ávila;Ávila;336;369;265;8;22;10;5019
2020-04-20;Complejo Asistencial Universitario de Burgos;Burgos;580;685;354;24;76;49;9059
2020-04-20;Complejo Asistencial Universitario de Salamanca;Salamanca;651;651;493;38;71;45;37274
2020-04-20;Complejo Asistencial de Soria;Soria;164;267;153;10;27;16;42173
2020-04-20;Hospital Universitario Río Hortega;Valladolid;470;517;263;19;61;40;47186
2020-04-20;Complejo Asistencial de Zamora;Zamora;362;398;221;11;30;13;49275
2020-04-21;Hospital El Bierzo;León;329;380;165;9;18;13;24089
2020-04-21;Complejo Asistencial de Soria;Soria;164;252;154;10;27;16;42173
2020-04-21;Hospital habilitado Feria de Muestras Valladolid;Valladolid;0;43;5;0;0;0;47186
2020-04-22;Complejo Asistencial Universitario de León;León;752;817;392;28;59;34;24089
2020-04-22;Complejo Asistencial Universitario de Salamanca;Salamanca;651;621;500;38;65;41;37274
2020-04-22;Complejo Asistencial de Segovia;Segovia;263;326;194;10;29;16;40004
2020-04-22;Complejo Asistencial de Soria;Soria;164;249;154;10;27;16;42173
2020-04-22;Hospital Universitario Río Hortega;Valladolid;470;518;245;19;61;40;47186
2020-04-23;Complejo Asistencial Universitario de Palencia;Palencia;372;387;225;15;31;22;34120
2020-04-23;Complejo Asistencial de Soria;Soria;164;256;148;10;27;15;42173
2020-04-23;Complejo Asistencial de Zamora;Zamora;362;398;241;11;30;14;49275
2020-04-23;Hospital habilitado Feria de Muestras Valladolid;Valladolid;0;44;5;0;0;0;47186
2020-04-24;Complejo Asistencial Universitario de Burgos;Burgos;580;685;338;24;76;41;9059
2020-04-24;Hospital Santos Reyes;Burgos;94;122;24;0;0;0;9059
2020-04-24;Complejo Asistencial Universitario de León;León;752;817;398;28;59;32;24089
2020-04-24;Complejo Asistencial Universitario de Palencia;Palencia;372;383;242;15;31;22;34120
2020-04-24;Complejo Asistencial de Soria;Soria;164;262;160;10;27;17;42173
2020-04-24;Hospital de Medina del Campo;Valladolid;95;119;58;0;12;0;47186
2020-04-24;Complejo Asistencial de Zamora;Zamora;362;398;236;11;30;14;49275
2020-04-25;Hospital Santos Reyes;Burgos;94;122;23;0;0;0;9059
2020-04-25;Complejo Asistencial de Segovia;Segovia;263;310;183;10;29;15;40004
2020-04-25;Hospital Clínico Universitario de Valladolid;Valladolid;538;478;276;44;74;38;47186
2020-04-25;Hospital de Medina del Campo;Valladolid;95;119;54;0;12;0;47186
2020-04-26;Complejo Asistencial Universitario de Burgos;Burgos;580;685;340;24;76;39;9059
2020-04-26;Hospital El Bierzo;León;329;382;140;9;18;10;24089
2020-04-26;Complejo Asistencial Universitario de Palencia;Palencia;372;382;233;15;31;19;34120
2020-04-26;Complejo Asistencial Universitario de Salamanca;Salamanca;651;592;466;38;65;42;37274
2020-04-26;Complejo Asistencial de Soria;Soria;164;257;162;10;22;14;42173
2020-04-26;Hospital Clínico Universitario de Valladolid;Valladolid;538;465;284;44;74;39;47186
2020-04-26;Hospital habilitado Feria de Muestras Valladolid;Valladolid;0;44;0;0;0;0;47186
2020-04-27;Complejo Asistencial de Ávila;Ávila;336;369;222;8;19;9;5019
2020-04-27;Hospital Santiago Apóstol;Burgos;90;72;54;0;0;0;9059
2020-04-27;Complejo Asistencial Universitario de León;León;752;817;395;28;59;27;24089
2020-04-27;Complejo Asistencial Universitario de Salamanca;Salamanca;651;582;478;38;65;45;37274
2020-04-27;Hospital Universitario Río Hortega;Valladolid;470;517;269;19;45;38;47186
2020-04-28;Complejo Asistencial Universitario de León;León;752;817;375;28;59;30;24089
2020-04-29;Complejo Asistencial de Ávila;Ávila;336;368;234;8;19;7;5019
2020-04-29;Hospital Santiago Apóstol;Burgos;90;62;55;0;0;0;9059
2020-04-29;Complejo Asistencial de Zamora;Zamora;362;398;261;11;30;13;49275
2020-04-30;Complejo Asistencial Universitario de Burgos;Burgos;580;685;350;24;76;31;9059
2020-04-30;Hospital Santiago Apóstol;Burgos;90;63;54;0;0;0;9059
2020-04-30;Complejo Asistencial Universitario de León;León;752;817;361;28;59;25;24089
2020-04-30;Complejo Asistencial de Soria;Soria;164;250;165;10;22;13;42173
2020-04-30;Hospital Universitario Río Hortega;Valladolid;470;514;266;19;45;33;47186
2020-05-01;Complejo Asistencial de Ávila;Ávila;336;369;190;8;19;5;5019
2020-05-01;Complejo Asistencial Universitario de Burgos;Burgos;580;685;324;24;78;32;9059
2020-05-01;Hospital Santos Reyes;Burgos;94;97;30;0;0;0;9059
2020-05-01;Complejo Asistencial Universitario de León;León;752;817;347;28;59;26;24089
2020-05-01;Complejo Asistencial Universitario de Salamanca;Salamanca;651;592;403;38;65;41;37274
2020-05-01;Complejo Asistencial de Segovia;Segovia;263;310;189;10;17;8;40004
2020-05-01;Complejo Asistencial de Soria;Soria;164;253;161;10;22;12;42173
2020-05-01;Hospital de Medina del Campo;Valladolid;95;119;54;0;12;0;47186
2020-05-01;Hospital habilitado Feria de Muestras Valladolid;Valladolid;0;0;0;0;0;0;47186
2020-05-02;Complejo Asistencial Universitario de Palencia;Palencia;372;379;205;15;31;19;34120
2020-05-02;Complejo Asistencial Universitario de Salamanca;Salamanca;651;570;427;38;65;37;37274
2020-05-02;Hospital Clínico Universitario de Valladolid;Valladolid;538;483;270;44;76;35;47186
2020-05-02;Complejo Asistencial de Zamora;Zamora;362;351;233;11;30;12;49275
2020-05-02;Hospital habilitado Feria de Muestras Valladolid;Valladolid;0;0;0;0;0;0;47186
2020-05-03;Complejo Asistencial Universitario de Burgos;Burgos;580;685;332;24;78;31;9059
2020-05-03;Hospital Santiago Apóstol;Burgos;90;68;47;0;0;0;9059
2020-05-03;Complejo Asistencial Universitario de Salamanca;Salamanca;651;592;424;38;65;38;37274
2020-05-03;Complejo Asistencial de Soria;Soria;164;252;157;10;22;12;42173
2020-05-04;Complejo Asistencial Universitario de Burgos;Burgos;580;685;347;24;78;32;9059
2020-05-04;Complejo Asistencial de Soria;Soria;164;249;168;10;22;13;42173
2020-05-04;Hospital Universitario Río Hortega;Valladolid;470;514;273;19;42;32;47186
2020-05-05;Hospital Santos Reyes;Burgos;94;97;38;0;0;0;9059
2020-05-05;Complejo Asistencial Universitario de Salamanca;Salamanca;651;564;444;38;58;42;37274
2020-05-05;Hospital habilitado Feria de Muestras Valladolid;Valladolid;0;0;0;0;0;0;47186
2020-05-06;Complejo Asistencial Universitario de León;León;752;817;418;28;59;24;24089
2020-05-06;Complejo Asistencial Universitario de Salamanca;Salamanca;651;537;454;38;58;41;37274
2020-05-06;Hospital de Medina del Campo;Valladolid;95;119;71;0;12;0;47186
2020-05-07;Complejo Asistencial de Ávila;Ávila;336;369;181;8;19;6;5019
2020-05-07;Complejo Asistencial Universitario de Burgos;Burgos;580;603;338;24;78;33;9059
2020-05-07;Complejo Asistencial Universitario de León;León;752;817;432;28;59;22;24089
2020-05-07;Complejo Asistencial Universitario de Palencia;Palencia;372;380;261;15;31;17;34120
2020-05-07;Complejo Asistencial de Segovia;Segovia;263;294;193;10;22;8;40004
2020-05-07;Complejo Asistencial de Soria;Soria;164;258;161;10;22;11;42173
2020-05-07;Hospital Clínico Universitario de Valladolid;Valladolid;538;454;310;44;77;34;47186
2020-05-07;Hospital de Medina del Campo;Valladolid;95;91;67;0;0;0;47186
2020-05-08;Complejo Asistencial de Ávila;Ávila;336;357;198;8;19;6;5019
2020-05-08;Complejo Asistencial Universitario de Salamanca;Salamanca;651;543;423;38;58;51;37274
2020-05-08;Complejo Asistencial de Segovia;Segovia;263;294;195;10;22;7;40004
2020-05-08;Hospital Clínico Universitario de Valladolid;Valladolid;538;449;295;44;77;37;47186
2020-05-08;Hospital habilitado Feria de Muestras Valladolid;Valladolid;0;0;0;0;0;0;47186
2020-05-09;Complejo Asistencial Universitario de Burgos;Burgos;580;607;285;24;37;31;9059
2020-05-09;Hospital Santos Reyes;Burgos;94;97;35;0;0;0;9059
2020-05-09;Hospital El Bierzo;León;329;295;163;9;18;6;24089
2020-05-09;Complejo Asistencial Universitario de Palencia;Palencia;372;372;219;15;26;17;34120
2020-05-09;Complejo Asistencial Universitario de Salamanca;Salamanca;651;528;404;38;58;44;37274
2020-05-09;Complejo Asistencial de Soria;Soria;164;257;135;10;22;9;42173
2020-05-09;Complejo Asistencial de Zamora;Zamora;362;351;234;11;30;11;49275
2020-05-09;Hospital habilitado Feria de Muestras Valladolid;Valladolid;0;0;0;0;0;0;47186
2020-05-10;Complejo Asistencial Universitario de Burgos;Burgos;580;607;281;24;37;31;9059
2020-05-10;Hospital Santiago Apóstol;Burgos;90;86;53;0;0;0;9059
2020-05-10;Complejo Asistencial Universitario de Palencia;Palencia;372;371;228;15;26;17;34120
2020-05-10;Complejo Asistencial de Segovia;Segovia;263;294;178;10;22;8;40004
2020-05-10;Hospital Clínico Universitario de Valladolid;Valladolid;538;492;267;44;72;35;47186
2020-05-10;Hospital Universitario Río Hortega;Valladolid;470;448;236;19;46;24;47186
2020-05-10;Complejo Asistencial de Zamora;Zamora;362;371;243;11;30;11;49275
2020-05-10;Hospital habilitado Feria de Muestras Valladolid;Valladolid;0;0;0;0;0;0;47186
2020-05-11;Hospital Santiago Apóstol;Burgos;90;63;59;0;0;0;9059
2020-05-11;Complejo Asistencial Universitario de Palencia;Palencia;372;371;246;15;28;23;34120
2020-05-11;Complejo Asistencial Universitario de Salamanca;Salamanca;651;538;428;38;58;37;37274
2020-05-11;Hospital Universitario Río Hortega;Valladolid;470;447;253;19;46;25;47186
2020-05-12;Hospital Santos Reyes;Burgos;94;97;39;0;0;0;9059
2020-05-12;Complejo Asistencial de Soria;Soria;164;259;154;10;22;9;42173
2020-05-12;Hospital habilitado Feria de Muestras Valladolid;Valladolid;0;0;0;0;0;0;47186
2020-05-13;Complejo Asistencial de Ávila;Ávila;336;343;213;8;19;6;5019
2020-05-13;Complejo Asistencial Universitario de Burgos;Burgos;580;621;318;24;37;31;9059
2020-05-13;Complejo Asistencial Universitario de León;León;752;817;409;28;43;21;24089
2020-05-13;Complejo Asistencial Universitario de Palencia;Palencia;372;368;240;15;28;19;34120
2020-05-13;Complejo Asistencial de Segovia;Segovia;263;294;180;10;22;9;40004
2020-05-13;Hospital Clínico Universitario de Valladolid;Valladolid;538;465;272;44;72;37;47186
2020-05-13;Hospital Universitario Río Hortega;Valladolid;470;460;244;19;47;26;47186
2020-05-13;Complejo Asistencial de Zamora;Zamora;362;351;271;11;30;9;49275
2020-05-14;Complejo Asistencial Universitario de León;León;752;817;423;28;43;23;24089
2020-05-14;Hospital Clínico Universitario de Valladolid;Valladolid;538;465;291;44;72;31;47186
2020-05-14;Hospital habilitado Feria de Muestras Valladolid;Valladolid;0;0;0;0;0;0;47186
2020-05-15;Hospital Santos Reyes;Burgos;94;97;47;0;0;0;9059
2020-05-15;Complejo Asistencial de Segovia;Segovia;263;294;162;10;22;6;40004
2020-05-15;Complejo Asistencial de Soria;Soria;164;262;135;10;22;7;42173
2020-05-15;Complejo Asistencial de Zamora;Zamora;362;368;266;11;30;9;49275
2020-05-16;Complejo Asistencial Universitario de Burgos;Burgos;580;646;301;24;37;20;9059
2020-05-16;Complejo Asistencial Universitario de Palencia;Palencia;372;359;216;15;28;12;34120
2020-05-16;Complejo Asistencial Universitario de Salamanca;Salamanca;651;518;368;38;58;36;37274
2020-05-16;Complejo Asistencial de Segovia;Segovia;263;294;176;10;22;5;40004
2020-05-16;Complejo Asistencial de Soria;Soria;164;259;127;10;22;6;42173
2020-05-16;Complejo Asistencial de Zamora;Zamora;362;358;243;11;30;9;49275
2020-05-17;Complejo Asistencial de Ávila;Ávila;336;349;162;8;19;6;5019
2020-05-17;Complejo Asistencial Universitario de Burgos;Burgos;580;645;314;24;37;19;9059
2020-05-17;Complejo Asistencial Universitario de León;León;752;817;382;28;43;20;24089
2020-05-17;Hospital El Bierzo;León;329;229;130;9;18;3;24089
2020-05-17;Complejo Asistencial de Soria;Soria;164;261;131;10;22;7;42173
2020-05-17;Hospital Clínico Universitario de Valladolid;Valladolid;538;460;302;44;72;31;47186
2020-05-17;Hospital de Medina del Campo;Valladolid;95;95;48;0;0;0;47186
2020-05-17;Hospital Universitario Río Hortega;Valladolid;470;422;246;19;39;23;47186
2020-05-18;Complejo Asistencial de Ávila;Ávila;336;345;187;8;19;7;5019
2020-05-18;Hospital Santos Reyes;Burgos;94;97;48;0;0;0;9059
2020-05-18;Complejo Asistencial de Segovia;Segovia;263;278;197;10;22;7;40004
2020-05-18;Complejo Asistencial de Soria;Soria;164;261;135;10;22;7;42173
2020-05-18;Hospital de Medina del Campo;Valladolid;95;95;56;0;0;0;47186
2020-05-18;Hospital habilitado Feria de Muestras Valladolid;Valladolid;0;0;0;0;0;0;47186
2020-05-19;Complejo Asistencial de Ávila;Ávila;336;347;187;8;19;8;5019
2020-05-19;Complejo Asistencial Universitario de Burgos;Burgos;580;643;357;24;37;26;9059
2020-05-19;Complejo Asistencial Universitario de León;León;752;817;450;28;43;25;24089
2020-05-19;Hospital Universitario Río Hortega;Valladolid;470;425;261;19;39;21;47186
2020-05-20;Complejo Asistencial Universitario de Burgos;Burgos;580;642;342;24;37;23;9059
2020-05-20;Complejo Asistencial Universitario de León;León;752;817;427;28;43;31;24089
2020-05-20;Complejo Asistencial Universitario de Salamanca;Salamanca;651;496;399;38;58;36;37274
2020-05-20;Hospital Clínico Universitario de Valladolid;Valladolid;538;486;296;44;34;15;47186
2020-05-20;Hospital de Medina del Campo;Valladolid;95;95;57;0;0;0;47186
2020-05-20;Complejo Asistencial de Zamora;Zamora;362;355;248;11;30;5;49275
2020-05-21;Complejo Asistencial Universitario de Palencia;Palencia;372;361;201;15;16;12;34120
2020-05-21;Complejo Asistencial de Segovia;Segovia;263;278;197;10;22;9;40004
2020-05-21;Complejo Asistencial de Soria;Soria;164;265;143;10;22;10;42173
2020-05-21;Hospital Universitario Río Hortega;Valladolid;470;435;229;19;39;21;47186
2020-05-21;Hospital habilitado Feria de Muestras Valladolid;Valladolid;0;0;0;0;0;0;47186
2020-05-22;Hospital Santiago Apóstol;Burgos;90;88;44;0;0;0;9059
2020-05-22;Complejo Asistencial Universitario de Palencia;Palencia;372;359;213;15;16;9;34120
2020-05-22;Complejo Asistencial Universitario de Salamanca;Salamanca;651;509;404;38;60;39;37274
2020-05-22;Complejo Asistencial de Segovia;Segovia;263;278;205;10;22;6;40004
2020-05-22;Hospital habilitado Feria de Muestras Valladolid;Valladolid;0;0;0;0;0;0;47186
2020-05-23;Hospital Santiago Apóstol;Burgos;90;89;47;0;0;0;9059
2020-05-23;Complejo Asistencial Universitario de Salamanca;Salamanca;651;509;410;38;60;30;37274
2020-05-23;Complejo Asistencial de Segovia;Segovia;263;278;186;10;22;4;40004
2020-05-23;Complejo Asistencial de Soria;Soria;164;255;138;10;16;10;42173
2020-05-23;Hospital de Medina del Campo;Valladolid;95;95;50;0;0;0;47186
2020-05-24;Hospital Santos Reyes;Burgos;94;97;46;0;0;0;9059
2020-05-24;Complejo Asistencial Universitario de León;León;752;817;384;28;43;23;24089
2020-05-24;Hospital El Bierzo;León;329;222;145;9;9;4;24089
2020-05-24;Complejo Asistencial Universitario de Salamanca;Salamanca;651;509;413;38;60;32;37274
2020-05-24;Complejo Asistencial de Segovia;Segovia;263;278;182;10;22;5;40004
2020-05-24;Complejo Asistencial de Soria;Soria;164;240;135;10;16;9;42173
2020-05-24;Hospital Clínico Universitario de Valladolid;Valladolid;538;456;292;44;34;18;47186
2020-05-24;Hospital Universitario Río Hortega;Valladolid;470;430;223;19;39;19;47186
2020-05-24;Complejo Asistencial de Zamora;Zamora;362;355;219;11;30;6;49275
2020-05-25;Hospital Santos Reyes;Burgos;94;97;58;0;0;0;9059
2020-05-25;Complejo Asistencial Universitario de León;León;752;817;429;28;43;17;24089
2020-05-25;Complejo Asistencial de Segovia;Segovia;263;278;196;10;22;6;40004
2020-05-25;Hospital Clínico Universitario de Valladolid;Valladolid;538;455;303;44;34;18;47186
2020-05-25;Hospital habilitado Feria de Muestras Valladolid;Valladolid;0;0;0;0;0;0;47186
2020-05-26;Complejo Asistencial de Ávila;Ávila;336;328;177;8;19;6;5019
2020-05-26;Hospital Santos Reyes;Burgos;94;97;63;0;0;0;9059
2020-05-26;Complejo Asistencial Universitario de León;León;752;817;434;28;43;24;24089
2020-05-26;Complejo Asistencial Universitario de Salamanca;Salamanca;651;541;449;38;60;24;37274
2020-05-26;Complejo Asistencial de Segovia;Segovia;263;278;193;10;22;6;40004
2020-05-26;Hospital de Medina del Campo;Valladolid;95;95;66;0;0;0;47186
2020-05-26;Hospital habilitado Feria de Muestras Valladolid;Valladolid;0;0;0;0;0;0;47186
2020-05-27;Hospital Santos Reyes;Burgos;94;97;64;0;0;0;9059
2020-05-27;Hospital El Bierzo;León;329;258;153;9;18;3;24089
2020-05-27;Complejo Asistencial Universitario de Palencia;Palencia;372;354;217;15;16;8;34120
2020-05-27;Complejo Asistencial de Segovia;Segovia;263;278;189;10;22;7;40004
2020-05-27;Complejo Asistencial de Soria;Soria;164;230;151;10;16;6;42173
2020-05-27;Hospital Universitario Río Hortega;Valladolid;470;437;253;19;39;24;47186
2020-05-27;Complejo Asistencial de Zamora;Zamora;362;363;238;11;30;5;49275
2020-05-28;Complejo Asistencial de Ávila;Ávila;336;336;163;8;19;4;5019
2020-05-28;Hospital Santiago Apóstol;Burgos;90;86;60;0;0;0;9059
2020-05-28;Complejo Asistencial Universitario de Palencia;Palencia;372;349;233;15;16;7;34120
2020-05-28;Complejo Asistencial Universitario de Salamanca;Salamanca;651;512;420;38;60;26;37274
2020-05-28;Complejo Asistencial de Segovia;Segovia;263;278;188;10;22;3;40004
2020-05-28;Hospital Universitario Río Hortega;Valladolid;470;437;248;19;39;28;47186
2020-05-28;Hospital habilitado Feria de Muestras Valladolid;Valladolid;0;0;0;0;0;0;47186
2020-05-29;Complejo Asistencial de Ávila;Ávila;336;338;170;8;19;4;5019
2020-05-29;Hospital Santos Reyes;Burgos;94;97;62;0;0;0;9059
2020-05-29;Hospital El Bierzo;León;329;259;160;9;18;3;24089
2020-05-29;Complejo Asistencial Universitario de Palencia;Palencia;372;352;218;15;16;8;34120
2020-05-29;Complejo Asistencial Universitario de Salamanca;Salamanca;651;511;418;38;60;32;37274
2020-05-29;Hospital de Medina del Campo;Valladolid;95;95;63;0;0;0;47186
2020-05-30;Hospital Santiago Apóstol;Burgos;90;89;52;0;0;0;9059
2020-05-30;Complejo Asistencial Universitario de Palencia;Palencia;372;357;204;15;16;10;34120
2020-05-30;Hospital de Medina del Campo;Valladolid;95;95;60;0;0;0;47186
2020-05-30;Complejo Asistencial de Zamora;Zamora;362;357;203;11;30;4;49275
2020-05-31;Complejo Asistencial de Ávila;Ávila;336;343;222;8;19;6;5019
2020-05-31;Complejo Asistencial de Segovia;Segovia;263;278;187;10;22;5;40004
2020-05-31;Complejo Asistencial de Soria;Soria;164;227;139;10;16;8;42173
2020-05-31;Hospital de Medina del Campo;Valladolid;95;95;62;0;0;0;47186
2020-05-31;Hospital Universitario Río Hortega;Valladolid;470;440;219;19;38;26;47186
2020-06-01;Complejo Asistencial de Ávila;Ávila;336;343;239;8;19;7;5019
2020-06-01;Hospital Santos Reyes;Burgos;94;97;42;0;0;0;9059
2020-06-01;Hospital El Bierzo;León;329;227;188;9;18;1;24089
2020-06-01;Complejo Asistencial de Soria;Soria;164;231;154;10;16;9;42173
2020-06-01;Hospital habilitado Feria de Muestras Valladolid;Valladolid;0;0;0;0;0;0;47186
2020-06-02;Complejo Asistencial Universitario de León;León;752;817;461;28;43;24;24089
2020-06-02;Complejo Asistencial Universitario de Palencia;Palencia;372;354;239;15;16;13;34120
2020-06-02;Complejo Asistencial Universitario de Salamanca;Salamanca;651;546;443;38;60;27;37274
2020-06-02;Complejo Asistencial de Zamora;Zamora;362;360;240;11;30;7;49275
2020-06-03;Complejo Asistencial de Ávila;Ávila;336;340;232;8;19;5;5019
2020-06-03;Complejo Asistencial Universitario de León;León;752;817;456;28;43;21;24089
2020-06-03;Complejo Asistencial de Segovia;Segovia;263;278;202;10;22;5;40004
2020-06-04;Complejo Asistencial de Ávila;Ávila;336;342;234;8;19;6;5019
2020-06-04;Complejo Asistencial Universitario de Palencia;Palencia;372;357;241;15;16;13;34120
2020-06-04;Complejo Asistencial de Soria;Soria;164;238;147;10;16;9;42173
2020-06-04;Hospital Clínico Universitario de Valladolid;Valladolid;538;493;319;44;34;19;47186
2020-06-04;Hospital Universitario Río Hortega;Valladolid;470;435;281;19;31;21;47186
2020-06-04;Hospital habilitado Feria de Muestras Valladolid;Valladolid;0;0;0;0;0;0;47186
2020-06-05;Hospital Santiago Apóstol;Burgos;90;86;66;0;0;0;9059
2020-06-05;Complejo Asistencial Universitario de Palencia;Palencia;372;354;259;15;17;12;34120
2020-06-05;Complejo Asistencial Universitario de Salamanca;Salamanca;651;529;433;38;60;30;37274
2020-06-05;Complejo Asistencial de Segovia;Segovia;263;278;188;10;22;10;40004
2020-06-05;Hospital Clínico Universitario de Valladolid;Valladolid;538;497;312;44;34;24;47186
2020-06-05;Hospital Universitario Río Hortega;Valladolid;470;436;299;19;32;24;47186
2020-06-06;Complejo Asistencial Universitario de Burgos;Burgos;580;670;339;24;37;22;9059
2020-06-06;Hospital Santos Reyes;Burgos;94;97;48;0;0;0;9059
2020-06-06;Complejo Asistencial Universitario de León;León;752;817;427;28;43;26;24089
2020-06-06;Complejo Asistencial Universitario de Salamanca;Salamanca;651;529;399;38;60;32;37274
2020-06-06;Complejo Asistencial de Segovia;Segovia;263;278;162;10;22;11;40004
2020-06-06;Complejo Asistencial de Soria;Soria;164;231;125;10;16;8;42173
2020-06-06;Hospital Clínico Universitario de Valladolid;Valladolid;538;530;296;44;34;22;47186
2020-06-06;Hospital de Medina del Campo;Valladolid;95;95;59;0;0;0;47186
2020-06-06;Complejo Asistencial de Zamora;Zamora;362;373;214;11;17;3;49275
2020-06-07;Complejo Asistencial de Ávila;Ávila;336;324;182;8;19;5;5019
2020-06-07;Complejo Asistencial Universitario de León;León;752;817;426;28;43;23;24089
2020-06-07;Hospital El Bierzo;León;329;238;171;9;18;5;24089
2020-06-07;Hospital Clínico Universitario de Valladolid;Valladolid;538;527;308;44;34;23;47186
2020-06-07;Hospital de Medina del Campo;Valladolid;95;95;57;0;0;0;47186
2020-06-07;Hospital Universitario Río Hortega;Valladolid;470;440;264;19;33;23;47186
2020-06-07;Complejo Asistencial de Zamora;Zamora;362;370;211;11;17;5;49275
2020-06-08;Complejo Asistencial de Ávila;Ávila;336;325;194;8;19;6;5019
2020-06-08;Hospital Santiago Apóstol;Burgos;90;87;67;0;0;0;9059
2020-06-08;Hospital Santos Reyes;Burgos;94;97;39;0;0;0;9059
2020-06-08;Complejo Asistencial Universitario de Palencia;Palencia;372;359;261;15;16;11;34120
2020-06-08;Complejo Asistencial de Segovia;Segovia;263;278;189;10;22;8;40004
2020-06-08;Hospital de Medina del Campo;Valladolid;95;95;63;0;0;0;47186
2020-06-09;Complejo Asistencial de Ávila;Ávila;336;323;195;8;19;6;5019
2020-06-09;Complejo Asistencial Universitario de León;León;752;817;505;28;43;21;24089
2020-06-09;Complejo Asistencial Universitario de Palencia;Palencia;372;358;253;15;16;12;34120
2020-06-09;Complejo Asistencial de Segovia;Segovia;263;278;189;10;22;7;40004
2020-06-09;Complejo Asistencial de Soria;Soria;164;207;156;10;16;8;42173
2020-06-10;Complejo Asistencial de Ávila;Ávila;336;320;202;8;19;6;5019
2020-06-10;Complejo Asistencial Universitario de Burgos;Burgos;580;666;376;24;37;17;9059
2020-06-10;Hospital Santiago Apóstol;Burgos;90;90;57;0;0;0;9059
2020-06-10;Complejo Asistencial Universitario de León;León;752;817;499;28;43;24;24089
2020-06-10;Complejo Asistencial de Segovia;Segovia;263;278;179;10;22;6;40004
2020-06-10;Complejo Asistencial de Soria;Soria;164;213;152;10;16;8;42173
2020-06-10;Complejo Asistencial de Zamora;Zamora;362;358;240;11;17;3;49275
2020-06-11;Complejo Asistencial Universitario de Burgos;Burgos;580;668;380;24;37;18;9059
2020-06-11;Hospital El Bierzo;León;329;273;195;9;18;3;24089
2020-06-11;Complejo Asistencial Universitario de Palencia;Palencia;372;357;241;15;16;13;34120
2020-06-11;Hospital de Medina del Campo;Valladolid;95;95;74;0;0;0;47186
2020-06-12;Complejo Asistencial de Ávila;Ávila;336;324;200;8;19;5;5019
2020-06-12;Complejo Asistencial de Soria;Soria;164;207;156;10;16;8;42173
2020-06-12;Hospital Clínico Universitario de Valladolid;Valladolid;538;502;336;44;34;22;47186
2020-06-12;Hospital de Medina del Campo;Valladolid;95;95;65;0;0;0;47186
2020-06-15;Complejo Asistencial de Ávila;Ávila;336;330;199;8;19;6;5019
2020-06-15;Hospital El Bierzo;León;329;267;194;9;18;1;24089
2020-06-15;Complejo Asistencial de Segovia;Segovia;263;278;167;10;22;7;40004
2020-06-15;Hospital Clínico Universitario de Valladolid;Valladolid;538;514;326;44;34;21;47186
2020-06-16;Complejo Asistencial de Ávila;Ávila;336;323;213;8;19;5;5019
2020-06-16;Complejo Asistencial Universitario de León;León;752;817;538;28;43;23;24089
2020-06-16;Complejo Asistencial Universitario de Palencia;Palencia;372;352;247;15;16;14;34120
2020-06-16;Complejo Asistencial de Segovia;Segovia;263;278;180;10;22;6;40004
2020-06-16;Hospital habilitado Feria de Muestras Valladolid;Valladolid;0;0;0;0;0;0;47186
2020-06-17;Hospital Santos Reyes;Burgos;94;97;64;0;0;0;9059
2020-06-17;Complejo Asistencial Universitario de Palencia;Palencia;372;350;264;15;16;15;34120
2020-06-17;Hospital Clínico Universitario de Valladolid;Valladolid;538;510;338;44;34;20;47186
2020-06-17;Hospital de Medina del Campo;Valladolid;95;95;71;0;0;0;47186
2020-06-17;Complejo Asistencial de Zamora;Zamora;362;360;255;11;17;5;49275
2020-06-18;Hospital Santiago Apóstol;Burgos;90;92;67;0;0;0;9059
2020-06-18;Hospital Santos Reyes;Burgos;94;97;62;0;0;0;9059
2020-06-18;Complejo Asistencial de Segovia;Segovia;263;278;191;10;22;7;40004
2020-06-19;Complejo Asistencial de Segovia;Segovia;263;278;184;10;22;3;40004
2020-06-19;Complejo Asistencial de Zamora;Zamora;362;360;277;11;17;5;49275
2020-04-07;Hospital Santiago Apóstol;Burgos;94;135;51;0;0;0;9059
2020-04-07;Hospital El Bierzo;León;329;390;160;9;18;11;24089
2020-04-07;Complejo Asistencial Universitario de Palencia;Palencia;372;519;299;15;32;22;34120
2020-04-07;Complejo Asistencial Universitario de Salamanca;Salamanca;651;748;601;38;82;57;37274
2020-04-07;Complejo Asistencial de Segovia;Segovia;263;421;275;10;31;24;40004
2020-04-07;Hospital de Medina del Campo;Valladolid;95;119;65;0;18;1;47186
2020-04-07;Hospital Universitario Río Hortega;Valladolid;470;652;332;19;61;52;47186
2020-04-07;Hospital habilitado Feria de Muestras Valladolid;Valladolid;0;0;0;0;0;0;47186
2020-04-08;Hospital Santiago Apóstol;Burgos;90;71;62;0;0;0;9059
2020-04-08;Complejo Asistencial de Soria;Soria;164;274;197;10;27;23;42173
2020-04-08;Hospital Clínico Universitario de Valladolid;Valladolid;538;647;465;44;83;60;47186
2020-04-08;Hospital de Medina del Campo;Valladolid;95;119;66;0;18;1;47186
2020-04-08;Hospital habilitado Feria de Muestras Valladolid;Valladolid;0;85;16;0;0;0;47186
2020-04-09;Complejo Asistencial Universitario de Burgos;Burgos;580;685;367;24;76;59;9059
2020-04-09;Complejo Asistencial Universitario de León;León;752;817;525;28;59;45;24089
2020-04-09;Hospital habilitado Feria de Muestras Valladolid;Valladolid;0;104;14;0;0;0;47186
2020-04-10;Complejo Asistencial Universitario de Burgos;Burgos;580;685;361;24;76;55;9059
2020-04-10;Hospital de Medina del Campo;Valladolid;95;119;66;0;18;1;47186
2020-04-11;Complejo Asistencial Universitario de Palencia;Palencia;372;517;96;15;32;26;34120
2020-04-12;Complejo Asistencial Universitario de Burgos;Burgos;580;685;354;24;76;59;9059
2020-04-12;Hospital El Bierzo;León;329;387;159;9;18;10;24089
2020-04-12;Complejo Asistencial Universitario de Palencia;Palencia;372;525;303;15;32;27;34120
2020-04-12;Hospital Clínico Universitario de Valladolid;Valladolid;538;649;420;44;83;58;47186
2020-04-13;Hospital Santiago Apóstol;Burgos;90;75;47;0;0;0;9059
2020-04-13;Hospital Santos Reyes;Burgos;94;121;32;0;0;0;9059
2020-04-13;Hospital El Bierzo;León;329;388;160;9;18;13;24089
2020-04-13;Hospital Clínico Universitario de Valladolid;Valladolid;538;568;428;44;80;56;47186
2020-04-13;Hospital de Medina del Campo;Valladolid;95;119;70;0;11;1;47186
2020-04-14;Complejo Asistencial Universitario de León;León;752;817;465;28;59;42;24089
2020-04-14;Complejo Asistencial Universitario de Palencia;Palencia;372;392;231;15;31;25;34120
2020-04-14;Complejo Asistencial Universitario de Salamanca;Salamanca;651;703;491;38;82;50;37274
2020-04-14;Hospital habilitado Feria de Muestras Valladolid;Valladolid;0;43;12;0;0;0;47186
2020-04-15;Hospital Santiago Apóstol;Burgos;90;71;51;0;0;0;9059
2020-04-15;Hospital El Bierzo;León;329;390;159;9;18;9;24089
2020-04-15;Complejo Asistencial Universitario de Palencia;Palencia;372;370;297;15;31;27;34120
2020-04-15;Complejo Asistencial de Soria;Soria;164;278;181;10;27;18;42173
2020-04-15;Hospital Clínico Universitario de Valladolid;Valladolid;538;565;414;44;80;60;47186
2020-04-15;Hospital de Medina del Campo;Valladolid;95;119;56;0;12;1;47186
2020-04-15;Hospital habilitado Feria de Muestras Valladolid;Valladolid;0;43;12;0;0;0;47186
2020-04-16;Complejo Asistencial de Ávila;Ávila;336;384;261;8;22;12;5019
2020-04-16;Hospital Santos Reyes;Burgos;94;122;26;0;0;0;9059
2020-04-16;Complejo Asistencial Universitario de León;León;752;817;416;28;59;37;24089
2020-04-16;Complejo Asistencial Universitario de Palencia;Palencia;372;384;305;15;31;26;34120
2020-04-16;Complejo Asistencial Universitario de Salamanca;Salamanca;651;641;495;38;82;51;37274
2020-04-16;Complejo Asistencial de Segovia;Segovia;263;421;224;10;31;21;40004
2020-04-16;Complejo Asistencial de Soria;Soria;164;267;169;10;27;18;42173
2020-04-16;Hospital Universitario Río Hortega;Valladolid;470;517;251;19;61;47;47186
2020-04-17;Complejo Asistencial de Ávila;Ávila;336;386;255;8;22;13;5019
2020-04-17;Complejo Asistencial Universitario de Burgos;Burgos;580;685;357;24;76;47;9059
2020-04-17;Hospital Santos Reyes;Burgos;94;122;27;0;0;0;9059
2020-04-17;Complejo Asistencial Universitario de León;León;752;817;378;28;59;37;24089
2020-04-17;Hospital de Medina del Campo;Valladolid;95;119;50;0;12;1;47186
2020-04-18;Complejo Asistencial Universitario de Burgos;Burgos;580;685;348;24;76;49;9059
2020-04-18;Hospital Santiago Apóstol;Burgos;90;72;49;0;0;0;9059
2020-04-18;Complejo Asistencial Universitario de Palencia;Palencia;372;386;258;15;31;25;34120
2020-04-18;Complejo Asistencial de Segovia;Segovia;263;326;190;10;31;19;40004
2020-04-18;Complejo Asistencial de Soria;Soria;164;268;163;10;27;16;42173
2020-04-18;Hospital Clínico Universitario de Valladolid;Valladolid;538;514;300;44;80;53;47186
2020-04-19;Complejo Asistencial de Ávila;Ávila;336;390;255;8;22;10;5019
2020-04-19;Complejo Asistencial Universitario de León;León;752;817;366;28;59;35;24089
2020-04-19;Hospital habilitado Feria de Muestras Valladolid;Valladolid;0;43;7;0;0;0;47186
2020-04-20;Hospital Santiago Apóstol;Burgos;90;65;56;0;0;0;9059
2020-04-20;Hospital Santos Reyes;Burgos;94;122;28;0;0;0;9059
2020-04-20;Complejo Asistencial Universitario de Palencia;Palencia;372;385;267;15;31;24;34120
2020-04-20;Complejo Asistencial de Segovia;Segovia;263;326;185;10;25;18;40004
2020-04-20;Hospital de Medina del Campo;Valladolid;95;119;54;0;12;1;47186
2020-04-21;Complejo Asistencial Universitario de Burgos;Burgos;580;685;357;24;76;52;9059
2020-04-21;Hospital Santos Reyes;Burgos;94;122;24;0;0;0;9059
2020-04-21;Complejo Asistencial Universitario de Salamanca;Salamanca;651;651;500;38;65;44;37274
2020-04-21;Hospital Clínico Universitario de Valladolid;Valladolid;538;458;282;44;74;43;47186
2020-04-21;Hospital Universitario Río Hortega;Valladolid;470;518;254;19;61;40;47186
2020-04-21;Complejo Asistencial de Zamora;Zamora;362;398;229;11;30;12;49275
2020-04-22;Complejo Asistencial de Ávila;Ávila;336;365;248;8;19;9;5019
2020-04-22;Hospital Santos Reyes;Burgos;94;122;25;0;0;0;9059
2020-04-22;Hospital El Bierzo;León;329;383;176;9;18;12;24089
2020-04-22;Complejo Asistencial Universitario de Palencia;Palencia;372;386;254;15;31;22;34120
2020-04-22;Hospital de Medina del Campo;Valladolid;95;119;57;0;12;1;47186
2020-04-22;Complejo Asistencial de Zamora;Zamora;362;398;233;11;30;14;49275
2020-04-22;Hospital habilitado Feria de Muestras Valladolid;Valladolid;0;44;5;0;0;0;47186
2020-04-23;Complejo Asistencial de Ávila;Ávila;336;373;231;8;22;7;5019
2020-04-23;Complejo Asistencial Universitario de Burgos;Burgos;580;685;356;24;76;40;9059
2020-04-23;Hospital Santiago Apóstol;Burgos;90;72;47;0;0;0;9059
2020-04-23;Complejo Asistencial Universitario de León;León;752;817;389;28;59;34;24089
2020-04-23;Complejo Asistencial Universitario de Salamanca;Salamanca;651;621;465;38;65;40;37274
2020-04-23;Complejo Asistencial de Segovia;Segovia;263;310;188;10;29;14;40004
2020-04-24;Complejo Asistencial de Ávila;Ávila;336;372;238;8;22;7;5019
2020-04-24;Hospital Santiago Apóstol;Burgos;90;72;47;0;0;0;9059
2020-04-24;Hospital El Bierzo;León;329;378;175;9;18;11;24089
2020-04-24;Hospital Clínico Universitario de Valladolid;Valladolid;538;450;302;44;74;41;47186
2020-04-24;Hospital habilitado Feria de Muestras Valladolid;Valladolid;0;44;0;0;0;0;47186
2020-04-25;Complejo Asistencial de Ávila;Ávila;336;371;211;8;22;9;5019
2020-04-25;Complejo Asistencial Universitario de Burgos;Burgos;580;685;327;24;76;42;9059
2020-04-25;Complejo Asistencial Universitario de León;León;752;817;371;28;59;27;24089
2020-04-25;Hospital El Bierzo;León;329;382;140;9;18;10;24089
2020-04-25;Complejo Asistencial Universitario de Palencia;Palencia;372;383;246;15;31;20;34120
2020-04-25;Complejo Asistencial de Soria;Soria;164;256;162;10;22;15;42173
2020-04-26;Hospital Santiago Apóstol;Burgos;90;71;51;0;0;0;9059
2020-04-26;Hospital de Medina del Campo;Valladolid;95;119;58;0;12;0;47186
2020-04-26;Hospital Universitario Río Hortega;Valladolid;470;516;254;19;45;37;47186
2020-04-26;Complejo Asistencial de Zamora;Zamora;362;398;237;11;30;13;49275
2020-04-27;Complejo Asistencial Universitario de Burgos;Burgos;580;685;355;24;76;36;9059
2020-04-27;Hospital Santos Reyes;Burgos;94;122;33;0;0;0;9059
2020-04-27;Complejo Asistencial de Soria;Soria;164;254;160;10;22;15;42173
2020-04-27;Hospital de Medina del Campo;Valladolid;95;119;60;0;12;0;47186
2020-04-27;Complejo Asistencial de Zamora;Zamora;362;398;239;11;30;13;49275
2020-04-28;Complejo Asistencial de Ávila;Ávila;336;369;239;8;19;7;5019
2020-04-28;Complejo Asistencial Universitario de Burgos;Burgos;580;685;363;24;76;36;9059
2020-04-28;Hospital Santos Reyes;Burgos;94;122;30;0;0;0;9059
2020-04-28;Hospital El Bierzo;León;329;373;167;9;18;8;24089
2020-04-28;Complejo Asistencial de Segovia;Segovia;263;310;190;10;17;12;40004
2020-04-28;Complejo Asistencial de Soria;Soria;164;248;159;10;22;14;42173
2020-04-28;Hospital Clínico Universitario de Valladolid;Valladolid;538;467;290;44;74;38;47186
2020-04-29;Hospital Santos Reyes;Burgos;94;122;36;0;0;0;9059
2020-04-29;Complejo Asistencial Universitario de Palencia;Palencia;372;382;242;15;31;19;34120
2020-04-29;Complejo Asistencial de Segovia;Segovia;263;310;194;10;17;7;40004
2020-04-29;Hospital Clínico Universitario de Valladolid;Valladolid;538;444;305;44;74;39;47186
2020-04-29;Hospital Universitario Río Hortega;Valladolid;470;513;275;19;45;38;47186
2020-04-30;Complejo Asistencial de Ávila;Ávila;336;367;223;8;19;5;5019
2020-04-30;Complejo Asistencial Universitario de Salamanca;Salamanca;651;603;440;38;65;42;37274
2020-04-30;Hospital Clínico Universitario de Valladolid;Valladolid;538;443;301;44;74;40;47186
2020-04-30;Complejo Asistencial de Zamora;Zamora;362;398;259;11;30;13;49275
2020-04-30;Hospital habilitado Feria de Muestras Valladolid;Valladolid;0;0;0;0;0;0;47186
2020-05-01;Hospital El Bierzo;León;329;324;132;9;18;9;24089
2020-05-01;Complejo Asistencial Universitario de Palencia;Palencia;372;378;217;15;31;19;34120
2020-05-01;Complejo Asistencial de Zamora;Zamora;362;351;264;11;30;11;49275
2020-05-02;Complejo Asistencial de Ávila;Ávila;336;362;200;8;19;7;5019
2020-05-02;Hospital Santiago Apóstol;Burgos;90;67;45;0;0;0;9059
2020-05-02;Complejo Asistencial Universitario de León;León;752;817;393;28;59;24;24089
2020-05-02;Hospital de Medina del Campo;Valladolid;95;119;54;0;12;0;47186
2020-05-03;Complejo Asistencial de Ávila;Ávila;336;370;203;8;19;8;5019
2020-05-03;Complejo Asistencial Universitario de León;León;752;817;403;28;59;27;24089
2020-05-03;Hospital El Bierzo;León;329;333;151;9;18;6;24089
2020-05-03;Complejo Asistencial de Segovia;Segovia;263;310;172;10;17;8;40004
2020-05-03;Hospital de Medina del Campo;Valladolid;95;119;53;0;12;0;47186
2020-05-03;Complejo Asistencial de Zamora;Zamora;362;351;245;11;30;11;49275
2020-05-04;Hospital Santiago Apóstol;Burgos;90;66;52;0;0;0;9059
2020-05-04;Complejo Asistencial de Segovia;Segovia;263;310;177;10;22;10;40004
2020-05-04;Hospital Clínico Universitario de Valladolid;Valladolid;538;466;291;44;76;35;47186
2020-05-04;Complejo Asistencial de Zamora;Zamora;362;351;264;11;30;13;49275
2020-05-05;Hospital Santiago Apóstol;Burgos;90;63;57;0;0;0;9059
2020-05-05;Hospital El Bierzo;León;329;323;168;9;18;6;24089
2020-05-05;Complejo Asistencial de Soria;Soria;164;257;176;10;22;12;42173
2020-05-06;Complejo Asistencial de Ávila;Ávila;336;361;206;8;19;7;5019
2020-05-06;Hospital Santos Reyes;Burgos;94;97;48;0;0;0;9059
2020-05-06;Complejo Asistencial Universitario de Palencia;Palencia;372;380;244;15;31;16;34120
2020-05-06;Complejo Asistencial de Segovia;Segovia;263;294;195;10;22;11;40004
2020-05-06;Complejo Asistencial de Soria;Soria;164;255;158;10;22;12;42173
2020-05-06;Hospital habilitado Feria de Muestras Valladolid;Valladolid;0;0;0;0;0;0;47186
2020-05-07;Hospital Santiago Apóstol;Burgos;90;63;53;0;0;0;9059
2020-05-07;Hospital Santos Reyes;Burgos;94;97;47;0;0;0;9059
2020-05-07;Hospital Universitario Río Hortega;Valladolid;470;511;258;19;46;29;47186
2020-05-07;Complejo Asistencial de Zamora;Zamora;362;351;264;11;30;11;49275
2020-05-07;Hospital habilitado Feria de Muestras Valladolid;Valladolid;0;0;0;0;0;0;47186
2020-05-08;Hospital Santos Reyes;Burgos;94;97;35;0;0;0;9059
2020-05-08;Complejo Asistencial de Soria;Soria;164;259;157;10;22;9;42173
2020-05-08;Hospital de Medina del Campo;Valladolid;95;95;74;0;0;0;47186
2020-05-08;Hospital Universitario Río Hortega;Valladolid;470;510;252;19;46;24;47186
2020-05-08;Complejo Asistencial de Zamora;Zamora;362;351;261;11;30;11;49275
2020-05-09;Hospital Santiago Apóstol;Burgos;90;84;53;0;0;0;9059
2020-05-09;Complejo Asistencial Universitario de León;León;752;817;376;28;59;20;24089
2020-05-09;Complejo Asistencial de Segovia;Segovia;263;294;185;10;22;9;40004
2020-05-09;Hospital de Medina del Campo;Valladolid;95;95;65;0;0;0;47186
2020-05-10;Hospital Santos Reyes;Burgos;94;97;40;0;0;0;9059
2020-05-10;Complejo Asistencial Universitario de León;León;752;817;392;28;59;17;24089
